Month,IC,N_train,N_test,jb_p,bp_p,dw
2001-10-01,0.4218171389078405,738,730,0.0,7.674901484329626e-11,2.004789981204697
2001-11-01,-0.18001172298728507,730,731,0.0,0.0005955486653573605,1.9974428553724919
2001-12-01,0.15721349492251116,731,729,0.0,0.0017568974238043227,2.024032273465164
2002-01-01,0.08805552363414866,729,710,0.0,0.08117211956283012,1.9587294940095705
2002-02-01,0.01171481087043405,710,709,0.0,0.5594276547303365,1.8419777625649674
2002-03-01,-0.14636266327464734,709,708,0.0,0.3587090821571581,1.9762141979348158
2002-04-01,0.14627902474318377,708,697,0.0,0.5244349156233401,1.8921671904541038
2002-05-01,0.3012181862826406,697,698,0.0,0.0010167954415584832,1.925099133944159
2002-06-01,-0.2575168519241937,698,698,0.0,3.901020837356849e-05,1.8702841584297099
2002-07-01,0.16721678510353247,698,698,3.591411168043868e-77,0.9419998650001347,1.9755585378221672
2002-08-01,-0.045124498067011645,698,696,9.795266659019822e-59,5.448028433228732e-12,1.9345249533400075
2002-09-01,0.061074317001050794,696,773,4.756372772720977e-87,0.00043790921601370166,2.0549005990699123
2002-10-01,0.09116894394663118,773,764,2.606670594169932e-37,5.869446859001497e-05,2.076870444358309
2002-11-01,-0.23521020662230802,764,764,0.0,0.48976457919726213,1.876782301305733
2002-12-01,0.24807401968194628,764,763,0.0,0.5666427133068115,1.8379448825498637
2003-01-01,-0.024599134865882184,763,737,2.620806136946591e-121,0.015016638085181772,1.9522220412103894
2003-02-01,0.38953360749100396,737,734,1.594428174334154e-124,0.06968696305156481,2.037714301988339
2003-03-01,-0.14388741182954393,734,787,0.0,0.4922344732228018,1.9272001983803018
2003-04-01,0.21554262010614073,787,767,0.0,0.8782110791383885,1.9293362974654156
2003-05-01,-0.047805542653058045,767,766,8.458809170946798e-148,0.06834697780235242,2.0011784888220285
2003-06-01,-0.09183301122549063,766,767,8.828770334495986e-204,0.1309691461579794,1.9448447909413589
2003-07-01,-0.03472085057720706,767,768,0.0,0.6539064173368678,1.9376693579455635
2003-08-01,-0.3120419054520512,768,767,1.712313495087659e-137,0.0007831818882521901,1.9225694265402915
2003-09-01,0.27763383014939674,767,907,2.5516348369014637e-144,0.003871207878929783,1.9181881459166514
2003-10-01,-0.052390691919372144,907,898,1.9161570265931581e-206,0.25511975046024676,1.9685061098386571
2003-11-01,0.3677407057705405,898,898,0.0,0.032017953576733885,1.8618437649223074
2003-12-01,-0.10880425737717302,898,897,0.0,0.00043560280580785636,1.9276545668890992
2004-01-01,0.241961561955826,897,884,0.0,0.35965830108515057,1.9325349195603376
2004-02-01,0.16455148883864998,884,884,0.0,0.38084089992944037,2.019799937031672
2004-03-01,-0.058642454429790984,884,901,2.0823358753909727e-221,0.15176871712452614,1.8929405981657281
2004-04-01,0.01759919041029941,901,880,0.0,0.00014755940830142597,1.8984011179785651
2004-05-01,-0.0584965021239024,880,879,0.0,0.7289388292932664,1.9595875208980527
2004-06-01,0.06444029141343857,879,879,2.1808315108886034e-250,0.956657264747365,2.0679728085668225
2004-07-01,0.08375136140651934,879,879,0.0,0.38990883229086626,1.8898212296499484
2004-08-01,0.23507873718016223,879,879,0.0,5.242458919130641e-15,1.978205893551233
2004-09-01,-0.12296485866419464,879,1046,0.0,1.9563237863488098e-07,2.016535217884869
2004-10-01,0.06949799980431552,1046,1046,0.0,0.21884597086663102,1.9945141964824518
2004-11-01,0.09401735229942912,1046,1046,0.0,1.6148708562161009e-16,2.0167681481059265
2004-12-01,-0.08127733442292692,1046,1044,0.0,8.574874236210384e-06,1.9754652430132937
2005-01-01,0.04208284297710067,1044,1044,0.0,3.189435661037947e-06,1.962838107847853
2005-02-01,0.02675971028326111,1044,1044,0.0,0.0024742587347351135,2.0655495093958063
2005-03-01,0.11760547829065308,1044,1063,0.0,0.9062462028328011,1.999690986566595
2005-04-01,-0.09409465021024388,1063,1058,0.0,0.7838328755545539,1.9105066842937604
2005-05-01,0.009611872031721145,1058,1058,0.0,4.2196937283068033e-05,1.8927017568114637
2005-06-01,0.0051443201298454165,1058,1059,0.0,0.9885123611590365,2.021702865329445
2005-07-01,0.2953681779993332,1059,1058,0.0,0.19582665207452662,1.9627029063772357
2005-08-01,-0.4048976211834924,1058,1060,0.0,8.880814486017908e-06,1.994037301277284
2005-09-01,0.3196568631977577,1060,1271,3.739857574093581e-185,8.162625895711568e-08,1.9724703185829515
2005-10-01,0.09747899336052633,1271,1294,0.0,0.011747158714542882,1.9862592451101577
2005-11-01,0.20015048191138443,1294,1294,0.0,0.00017123356923165792,2.000867000647855
2005-12-01,0.1270389690468799,1294,1294,0.0,0.0012145526499264892,1.9195395381657279
2006-01-01,0.12242826957920913,1294,1294,0.0,0.18064885077716147,2.0039330119507146
2006-02-01,0.3570221617442953,1294,1294,0.0,0.29074141301586026,2.0815172391547874
2006-03-01,-0.017472762661523655,1294,1322,0.0,0.003939211199882964,1.998791994944189
2006-04-01,-0.12190093183056154,1322,1292,0.0,0.6518859820212068,1.9548736450903337
2006-05-01,0.052456930395802286,1292,1294,0.0,0.8549979716775484,1.8636130504092088
2006-06-01,0.06714974363840986,1294,1294,4.543726741839224e-45,0.02296237183525051,2.0797282404139397
2006-07-01,0.03286970835427571,1294,1294,5.420366801656221e-116,0.12873982883084437,2.058376967175783
2006-08-01,-0.14948465528947316,1294,1298,6.05941332403459e-181,0.034467376463611525,2.0784898641555953
2006-09-01,0.06081589051085807,1298,1601,0.0,0.0705298180326622,1.9567940052517827
2006-10-01,0.06191970162178614,1601,1614,0.0,0.48068143419091014,1.914378856844192
2006-11-01,0.06548815196066085,1614,1615,0.0,0.17286181141254128,2.000078921604424
2006-12-01,0.29405011243415347,1615,1611,0.0,0.19193541681686482,2.058388685423885
2007-01-01,-0.09681475045552905,1611,1578,0.0,0.03827560432981115,1.9534794937186681
2007-02-01,0.07464191616902889,1578,1578,0.0,3.454651717289342e-05,1.94999491317454
2007-03-01,0.06419569968296965,1578,1576,0.0,1.5661541440517415e-05,2.029001448669571
2007-04-01,-0.13392072256558896,1576,1546,0.0,3.557592209156259e-33,1.8789450609739085
2007-05-01,0.06107609032592618,1546,1547,0.0,0.5255190440772106,1.9439695502430663
2007-06-01,0.08392842557243224,1547,1548,0.0,6.323088577817031e-07,1.9492642460195204
2007-07-01,0.021772721089649276,1548,1550,0.0,0.16637815798363836,1.8674815439341261
2007-08-01,0.05486888560329925,1550,1550,0.0,2.0861045795550436e-05,1.936595550400136
2007-09-01,0.13003477763729823,1550,1669,0.0,0.07941855934777163,1.9319322701390114
2007-10-01,-0.0987350947523533,1669,1702,0.0,2.2167630521954495e-05,1.9215558594901028
2007-11-01,0.4344274844989244,1702,1703,0.0,0.989445108918606,1.896319313408501
2007-12-01,-0.17074071417014253,1703,1698,0.0,0.0008288248055256889,1.9584304916994917
2008-01-01,0.12032460083394299,1698,1703,2.211440801373039e-202,0.0008951813611328902,2.0147508477633207
2008-02-01,-0.026478715603618804,1703,1702,1.47560091081551e-176,0.006664309814610382,2.032208643659121
2008-03-01,-0.09487303424443144,1702,1712,0.0,0.2342691875639326,2.0029310491412424
2008-04-01,-0.09343109921295237,1712,1572,0.0,0.16489002979402695,1.9395960696342847
2008-05-01,-0.09382319021494916,1572,1571,0.0,0.24376114771761354,1.9408475284768147
2008-06-01,0.074240352833578,1571,1571,0.0,0.43410538487666017,1.9562592595815578
2008-07-01,-0.07461941544730753,1571,1571,5.5418418678316686e-139,0.002752130478512069,1.972151044250792
2008-08-01,-0.05439606691975678,1571,1571,0.0,0.024240763906065697,2.0277647650093376
2008-09-01,0.16909431540369166,1571,1705,0.0,0.0004797032560893912,1.9514312919015222
2008-10-01,0.013229346099920073,1705,1716,0.0,0.7959055732251629,1.970801887556835
2008-11-01,-0.21744441472342085,1716,1714,1.5627602548708215e-275,9.339656419306413e-05,1.9872399626728507
2008-12-01,-0.16417291724013894,1714,1713,2.8302361873918986e-223,0.007716049342999294,2.01410686757194
2009-01-01,0.19032530469792514,1713,1713,0.0,0.2178755171557109,1.9584971702401583
2009-02-01,-0.11348701635258518,1713,1713,0.0,0.3606477761192025,1.9848352789826706
2009-03-01,0.21592335162480933,1713,1716,0.0,0.8072021022432143,1.9976276750535455
2009-04-01,0.42922481986700417,1716,1684,0.0,0.18214830305991545,1.944073529366337
2009-05-01,-0.1766684901264157,1684,1685,9.489504854765023e-255,3.554559188623988e-17,1.9482879333880672
2009-06-01,0.19649066361956444,1685,1684,0.0,0.17827958331404203,2.0054644942652606
2009-07-01,-0.16746571068775418,1684,1684,0.0,0.23533789946929243,1.9789269501329114
2009-08-01,-0.030797804305973966,1684,1682,0.0,0.9097254977464234,2.002187376142962
2009-09-01,-0.03736181227364694,1682,1781,0.0,0.3520424967197141,2.0450846035854955
2009-10-01,0.08389452996001655,1781,1873,0.0,0.9824214173037251,1.9412607298588829
2009-11-01,-0.17142959328599916,1873,1873,0.0,0.2368933912107857,1.9520871165200413
2009-12-01,0.10321287070710576,1873,1872,0.0,0.01827244402313049,1.9682923992874235
2010-01-01,-0.05252837039109,1872,1850,0.0,0.7094613591054391,2.0124873971524484
2010-02-01,0.1623530678660366,1850,1850,0.0,0.8981662425288363,2.035785471526333
2010-03-01,-0.07806578491732451,1850,1855,0.0,0.7852870418795113,1.9910350444648055
2010-04-01,-0.030068670623869673,1855,1830,0.0,0.04025395816632197,1.9618722402869502
2010-05-01,0.04763495872878237,1830,1830,0.0,0.8252368621178577,2.0399483947581687
2010-06-01,0.10895011716368423,1830,1830,0.0,0.5179909917568839,2.0483482369938786
2010-07-01,0.044273240130174966,1830,1829,0.0,0.0016142249152200638,1.968520679694554
2010-08-01,-0.026630551340377073,1829,1829,0.0,0.652469213863289,2.00114970658384
2010-09-01,0.03734740829307478,1829,1873,0.0,0.0031403727066264503,1.9550767437666992
2010-10-01,-0.03677811166535256,1873,1935,0.0,0.3558671882194261,1.9241194649882432
2010-11-01,-0.03492647619149046,1935,1934,0.0,0.00010134678887394352,1.900784505669049
2010-12-01,0.08791368296881086,1934,1934,0.0,0.00021686642700210207,1.9197052072806469
2011-01-01,0.016235801811099973,1934,1883,0.0,0.0035285772780657503,1.9474050460903618
2011-02-01,0.18239553112081816,1883,1882,6.98259814972706e-292,2.2630736404617466e-07,1.9826521948732234
2011-03-01,-0.053189414531253545,1882,1880,0.0,2.249620245699391e-06,1.9431136296401206
2011-04-01,-0.013548570571079718,1880,1781,0.0,8.579526952120856e-26,1.9687837071783891
2011-05-01,0.09017489910787198,1781,1780,0.0,0.6119844695892527,1.9456624629257697
2011-06-01,0.022313270355190366,1780,1782,0.0,0.017925357592663952,1.9128847440301049
2011-07-01,0.16645968219471854,1782,1782,0.0,0.0027248391964169202,2.1193742775888027
2011-08-01,-0.039287540461136486,1782,1782,3.4349318270500486e-186,8.897899172775686e-05,1.9708112139671043
2011-09-01,-0.023618216788924937,1782,1848,0.0,0.2189563281918604,1.964313457734092
2011-10-01,0.1816861096633842,1848,1874,0.0,0.6243464028633108,1.9759296330549176
2011-11-01,0.1389190092380819,1874,1875,3.0546430139250306e-308,0.011517060081569951,1.9609094672453984
2011-12-01,-0.3579316893646086,1875,1875,0.0,0.01444838369369883,2.034606342988458
2012-01-01,-0.07775819453787244,1875,1868,1.0704412864709218e-248,2.16365063078385e-05,1.9205589596241526
2012-02-01,0.2600087255518742,1868,1868,0.0,0.1388063152743831,2.001717726709934
2012-03-01,0.14991721063113903,1868,1854,0.0,0.001960961875488537,2.0296122592815484
2012-04-01,0.11005661951209993,1854,1753,0.0,0.8248896812526565,1.9993914816261202
2012-05-01,-0.06920996561667819,1753,1753,0.0,0.039655249715453825,1.969677161272357
2012-06-01,-0.056839966851092806,1753,1753,0.0,0.030145526004499493,1.9770059772815876
2012-07-01,0.1513872963388446,1753,1752,0.0,0.4140467222422537,1.9504668714614086
2012-08-01,-0.050988865211486004,1752,1751,0.0,0.8302592005843997,2.042226651168938
2012-09-01,-0.08737803610441007,1751,1811,0.0,0.0034317797109470654,1.9727208940306062
2012-10-01,0.09264129282514592,1811,1846,0.0,0.1162138289058946,2.024456580922855
2012-11-01,0.009753659705126018,1846,1846,0.0,0.02168372977467065,1.9511130773163594
2012-12-01,-0.06290877553725924,1846,1847,0.0,0.029662162137968393,1.9392764046389124
2013-01-01,0.12478851310335594,1847,1814,0.0,0.8508365970585161,1.9183349472212519
2013-02-01,0.13301049965746872,1814,1813,9.463972786261396e-174,0.011899250046589285,1.99841143950273
2013-03-01,0.04274209479820592,1813,1788,0.0,0.2786504813454188,1.9435081093012183
2013-04-01,-0.18664701727832597,1788,1461,0.0,2.531046456151391e-05,1.9793274463376056
2013-05-01,0.16560888796559173,1461,1461,0.0,2.198620420076018e-05,2.0248508852144727
2013-06-01,0.1765474552988455,1461,1461,0.0,0.48682873674391136,1.9294473988892487
2013-07-01,0.03726987142799664,1461,1462,0.0,0.40829521043727984,2.074990346131904
2013-08-01,-0.04797510817862867,1462,1461,0.0,0.0024149379279908975,2.0357668845844037
2013-09-01,-0.03513675357323105,1461,1473,0.0,5.149708693911381e-06,1.9517130797927198
2013-10-01,-0.05384106805833202,1473,1479,0.0,0.00011863248270795462,2.0863760967483396
2013-11-01,-0.029413895734051718,1479,1479,0.0,3.0778916274002605e-17,2.0008589655825126
2013-12-01,-0.13544634319497106,1479,1478,0.0,0.014492414095710837,1.9288758420580792
2014-01-01,0.23314674116784218,1478,1425,0.0,0.001462211788974698,1.9147687401675582
2014-02-01,0.0057132886564226345,1425,1425,0.0,0.0015445556142852192,2.0487072292704975
2014-03-01,0.059387859113408506,1425,1416,1.3086190042145044e-193,0.026539071343905738,1.9640779178466696
2014-04-01,-0.04167385506153728,1416,1404,0.0,1.995730484466648e-06,2.078327353727856
2014-05-01,0.07728156803922855,1404,1403,1.598605200562577e-114,0.0002734150012455511,1.9690098243722969
2014-06-01,-0.16532123808350732,1403,1402,0.0,0.00013872498376733946,2.0880540678284336
2014-07-01,0.2615013689981639,1402,1401,0.0,0.015197292963923923,2.0506866867466154
2014-08-01,0.2276920223654623,1401,1401,1.490208925641416e-253,0.010612821228761157,2.010589966431786
2014-09-01,0.0661212037049608,1401,1400,5.9231853035148865e-266,0.01717452635453467,2.117673955655395
2014-10-01,0.05465941718541393,1400,1741,0.0,0.060575999284333014,1.9710897484658898
2014-11-01,0.13906601474320526,1741,1741,0.0,0.018818081227193605,1.9804801285910107
2014-12-01,0.0973156820097625,1741,1737,0.0,0.008667452586991179,2.022112258872982
2015-01-01,0.04517991845096383,1737,1702,0.0,0.7629595205367826,2.038401431360187
2015-02-01,-0.14497549796782533,1702,1701,0.0,0.14671672095788663,1.935335378778837
2015-03-01,-0.1863727739971508,1701,1697,0.0,0.24338732206479613,2.003935488163429
2015-04-01,-0.15709769791196443,1697,1621,0.0,0.2555224413160258,1.959904114212853
2015-05-01,0.0875539462135479,1621,1620,0.0,0.6815295107361223,1.9158949547657647
2015-06-01,-0.014922429067714084,1620,1619,0.0,0.0012516813478273925,2.022709976980843
2015-07-01,-0.10885451207670989,1619,1617,2.8561854638840667e-305,0.02491404373457732,2.039799965355497
2015-08-01,-0.027067899255082406,1617,1617,0.0,0.041660671806615514,1.998713273509545
2015-09-01,-0.030205270410024646,1617,1632,0.0,9.166227968159976e-06,1.9712985154517
2015-10-01,0.1820469937084696,1632,1667,0.0,0.16439570097643366,2.004210783854976
2015-11-01,0.1219442241898723,1667,1664,5.269610204813947e-277,2.9582069760728673e-07,1.9959012627463821
2015-12-01,0.04664135962022493,1664,1662,0.0,0.040371220614462,2.001282748738049
2016-01-01,-0.04631193601095135,1662,1658,0.0,0.00845525444452346,2.00387676038236
2016-02-01,-0.0471059774196143,1658,1657,0.0,7.136993059620002e-26,1.893631743250051
2016-03-01,0.0979754434461864,1657,1645,1.4344248815281606e-184,5.453042457983635e-07,1.9686572715527402
2016-04-01,-0.09601090016958976,1645,1604,0.0,0.0010323031030590004,1.9561457390518597
2016-05-01,0.008068732639885806,1604,1605,0.0,0.3013757605974551,1.9364737596146009
2016-06-01,0.047128933092753726,1605,1606,0.0,0.00016540893157312683,1.9388059615277946
2016-07-01,-0.07192444892754928,1606,1606,0.0,1.6600447131517759e-12,1.9191937918731707
2016-08-01,-0.03526614891331013,1606,1607,0.0,0.005172268205238687,2.036604261051242
2016-09-01,0.20970685296297795,1607,1639,0.0,0.38939418256310127,1.9351528730194731
2016-10-01,-0.14169876756545266,1639,1706,1.1203952429365153e-197,5.524942308002128e-06,1.9755589099359874
2016-11-01,0.03256547714957613,1706,1706,0.0,0.00010915133217829808,1.9832058897472575
2016-12-01,-0.07780182036839114,1706,1704,0.0,0.7576573937177155,1.9687007168899644
2017-01-01,0.04903531372064442,1704,1679,0.0,0.10350309734781697,1.9811850998421272
2017-02-01,0.06024945343673432,1679,1679,0.0,0.19031600180260227,2.014218295830399
2017-03-01,-0.026898677081634837,1679,1669,0.0,0.36754372675510977,1.9624218291107112
2017-04-01,-0.013161460522367052,1669,1624,0.0,2.104819949940243e-05,1.948656423345823
2017-05-01,0.08901279088524734,1624,1624,0.0,0.380331064335862,1.9596799337197857
2017-06-01,-0.03839990663802332,1624,1624,0.0,0.026542226598524808,2.034002711149684
2017-07-01,-0.0837655703961076,1624,1624,0.0,0.19271449709762675,2.007649556006481
2017-08-01,-0.008985151993759957,1624,1625,0.0,0.0005397505856396719,1.9719504999388382
2017-09-01,0.06055633486337699,1625,1660,0.0,0.032722879075396824,2.030765623680287
2017-10-01,0.014768538192283616,1660,1729,0.0,0.0020242401257821382,1.896200264882042
2017-11-01,-0.00037197099569751397,1729,1729,0.0,0.1419343586477487,1.9652094329297138
2017-12-01,-0.05750582020662509,1729,1729,0.0,8.423795066795556e-05,2.0116921620525043
2018-01-01,-0.050380983797464286,1729,1715,0.0,2.3135815586345617e-13,1.9627375434308023
2018-02-01,0.341711169885793,1715,1715,0.0,0.014816574991881618,2.0701252944316435
2018-03-01,0.11155165511250857,1715,1706,1.1439397121235776e-146,3.7553682259666214e-13,1.8998273332690108
2018-04-01,0.13801928129957833,1706,1617,0.0,2.3144555279313365e-05,1.9756948722185939
2018-05-01,0.06374814805571566,1617,1617,0.0,0.13825760454437674,2.0231974634999017
2018-06-01,0.028712083124195657,1617,1617,0.0,8.475383563003411e-05,1.9477340692828782
2018-07-01,0.05495439315127436,1617,1619,4.132601891328191e-255,0.10477208763352266,2.026387461382603
2018-08-01,0.0830696062044643,1619,1619,0.0,0.004235148633752701,1.9555773780298487
2018-09-01,-0.0657161124852856,1619,1672,0.0,0.07494691118691627,2.0058628658715283
2018-10-01,-0.016151763796120207,1672,1704,6.0919965158802455e-136,0.0059635060210497725,1.9942683055769355
2018-11-01,0.03370223858409951,1704,1704,0.0,0.05727205974938678,1.994171884350167
2018-12-01,-0.08495972118409245,1704,1703,0.0,1.4779921058406377e-05,2.0146274297156936
2019-01-01,0.04810101014882641,1703,1680,0.0,7.467632348735924e-07,2.0193301017935
2019-02-01,0.03882231544360463,1680,1680,0.0,0.15851278583049347,1.8677677117976113
2019-03-01,-0.04106263160731079,1680,1673,0.0,9.772641950399306e-06,2.0588077447818214
2019-04-01,0.059177390262372745,1673,1591,0.0,0.28485511208388326,2.0457944994381956
2019-05-01,0.3820392586505068,1591,1590,0.0,0.4639984932372948,1.9739752495857494
2019-06-01,0.23197795882230607,1590,1590,0.0,2.4057726337743906e-13,1.893853157971498
2019-07-01,0.08680002955759578,1590,1590,4.083980892708664e-279,9.15579587623099e-06,1.8849000607621205
2019-08-01,-0.1350708195262863,1590,1590,7.525869770065658e-272,0.00041515732014936447,2.112535834020551
2019-09-01,-0.026031227946258742,1590,1646,0.0,9.127175644988978e-07,1.9987351088301908
2019-10-01,-0.006199018901669411,1646,1677,0.0,0.00016418065248973094,1.9406490291288896
2019-11-01,-0.03928318251612521,1677,1676,0.0,2.3496880764326797e-25,2.0237740633827617
2019-12-01,0.016271904711675802,1676,1676,0.0,0.0006421307288833937,1.965079332028146
2020-01-01,-0.2608906158787323,1676,1707,0.0,0.0009650708468729962,2.0452559929600276
2020-02-01,0.10832782118741152,1707,1707,0.0,1.2731038639467111e-05,1.9754204540038591
2020-03-01,-0.02637684653462806,1707,1693,2.8641360940937475e-176,0.5613826381890268,1.995571594406151
2020-04-01,-0.19018477861734592,1693,1652,1.8555438714081577e-254,7.50195608119619e-05,1.9490343046427123
2020-05-01,-0.11479435852678897,1652,1653,0.0,4.7107521455954386e-05,1.9175723767364388
2020-06-01,-0.37852426754793034,1653,1653,0.0,6.799610174789925e-05,2.0125126765512658
2020-07-01,-0.17431547427020516,1653,1652,0.0,7.281086019862605e-10,1.923773833385083
2020-08-01,-0.2972509380383397,1652,1651,0.0,0.002148141702154161,2.025986285737784
2020-09-01,-0.03630913806553199,1651,1683,0.0,0.04423203315297628,1.9495637498890468
2020-10-01,-0.04788612751343989,1683,1753,0.0,0.7126921389908105,2.0527826181414945
2020-11-01,0.2605732495807471,1753,1753,0.0,3.6721142318185416e-13,1.9406828902042548
2020-12-01,-0.015441339916871437,1753,1753,0.0,0.016655162682408638,1.9103686942775246
2021-01-01,-0.05376295126354084,1753,1738,0.0,0.08324800205029298,1.9149979351492195
2021-02-01,-0.002785428403861887,1738,1738,0.0,0.0016851646678832692,1.9480896622151336
2021-03-01,0.050416500441308826,1738,1747,0.0,0.09498790091491514,1.9958708112055856
2021-04-01,0.10712093422330106,1747,1738,0.0,5.108137764361801e-08,2.0339140100820425
2021-05-01,0.1795197754390525,1738,1739,0.0,0.10527947321846365,1.8902795753918478
2021-06-01,0.11898159156905219,1739,1739,0.0,0.006393553965429324,1.989814513129935
2021-07-01,-0.26454302462827955,1739,1739,0.0,1.901944078702027e-12,1.9704865105480402
2021-08-01,0.04540104346562549,1739,1739,0.0,0.0004578039485622717,2.0537695095050332
2021-09-01,0.053824481609754705,1739,1780,0.0,0.00012185820110011937,1.966025073617274
2021-10-01,0.04216237841199855,1780,1935,0.0,9.127510961115857e-08,1.8846149157458043
2021-11-01,0.2317866575000515,1935,1935,0.0,9.908717231046246e-16,2.034471013304705
2021-12-01,0.23442801374833272,1935,1935,0.0,2.197161187785754e-09,1.9582205791068945
2022-01-01,-0.07471375664762056,1935,1908,0.0,2.265356892949616e-08,1.928739098060449
2022-02-01,-0.05958181934688842,1908,1908,0.0,0.0022410787728831816,1.9180609696594901
2022-03-01,-0.15813480365287827,1908,1938,0.0,1.0700812180404524e-08,1.9337299325057533
2022-04-01,-0.01993993813244107,1938,1923,0.0,0.004132687950311646,1.9239109707253728
2022-05-01,0.03547690499474833,1923,1922,0.0,0.03531986829826481,1.9987653216061756
2022-06-01,0.03859289573126086,1922,1922,0.0,1.0748716813502947e-07,1.9708567173103946
2022-07-01,-0.00105054606798154,1922,1922,0.0,0.006181970925704526,2.060694474107724
2022-08-01,0.033021361275212616,1922,1922,0.0,0.0014699705994600497,1.9788058123344179
2022-09-01,0.010707776339778095,1922,2075,0.0,0.0025766246231009532,1.8938390449884577
2022-10-01,-0.018286398966955133,2075,2117,0.0,0.14972066385570698,1.9925934409915755
2022-11-01,0.09496694297237032,2117,2115,0.0,0.10473918574498287,2.0259047401470687
2022-12-01,0.004395161248196543,2115,2114,0.0,0.5245106739655141,2.0307337995929444
2023-01-01,-0.07070881548539788,2114,2134,0.0,0.10802025710170776,2.013473923940561
2023-02-01,0.21025693438329845,2134,2134,0.0,1.4428097841561964e-06,2.056214056674147
2023-03-01,-0.11543623045362483,2134,2143,0.0,6.847049506801726e-11,1.986874697012487
2023-04-01,-0.10778849407896364,2143,2120,0.0,0.40263143851900124,2.0128000700974558
2023-05-01,-0.004222553785152134,2120,2120,0.0,0.8060398998438233,1.9414713750408532
2023-06-01,0.1682616745262524,2120,2119,0.0,3.760707860582499e-21,1.9912630965862488
2023-07-01,0.01212875099717273,2119,2118,0.0,0.3893555003691179,2.0835930780787764
2023-08-01,0.11162693196689846,2118,2118,0.0,0.051682531342501406,1.9364296861019274
2023-09-01,0.08404844608023147,2118,2259,0.0,0.00036121436768296177,2.041763730485743
2023-10-01,-0.03003205707401419,2259,2306,0.0,1.5576479399958595e-14,1.9372145344472524
2023-11-01,-0.03227423267271555,2306,2304,0.0,2.265372611688039e-08,2.0360678953321223
2023-12-01,0.09873781226818694,2304,2303,0.0,0.009955053983885012,2.0147656518956887
2024-01-01,-0.057006459496432994,2303,2229,0.0,0.001054055824711806,1.9807360408264822
2024-02-01,0.23080934557446112,2229,2229,0.0,0.021843502875570964,2.0361383570891847
2024-03-01,-0.04356314391227457,2229,2230,0.0,0.2934094212878794,1.966914898786751
2024-04-01,-0.1316072348160827,2230,2231,0.0,0.04702213883356636,1.9929181226260366
2024-05-01,0.02187179083110785,2231,2231,0.0,0.6731522752729461,1.9999511205231453
2024-06-01,0.09902796077582367,2231,2231,0.0,0.0007612359335501427,1.9912211252536505
2024-07-01,0.016988799488104892,2231,2233,0.0,0.0002513081724392305,1.966599038182524
2024-08-01,0.0035963687272761407,2233,2233,0.0,0.009806162047292946,1.9309367238022397
2024-09-01,0.03160866324870451,2233,2437,0.0,0.14706309691089423,2.058059632589955
2024-10-01,-0.009150012244314023,2437,2492,0.0,0.4003602857358791,1.9996387267345794
2024-11-01,0.07334501471543527,2492,2492,0.0,0.023413390406118038,2.0028743723953277
2024-12-01,-0.06085741332841822,2492,2492,0.0,0.030129162316534598,1.9878374985110605
