Month,IC,IC_p,alpha,R2_train,R2_test,MSE_train,MSE_test,N_train,N_test,jb_p,bp_p,dw,normality_ok,homosced_ok,autocorr_ok,post_fails,pre_vif_max,pre_flags,post_flags
2001-10,0.3759846307095287,6.28698021381396e-26,323.745754281764,0.036637638893815105,-0.09728409790185122,0.03296179652376437,0.05372580930752211,738,730,3.3194920385419413e-22,5.243791509684248e-10,2.0595693675293765,False,False,True,2,4.9318467807144035,,non-normal|heteroscedastic
2001-11,-0.11963737780519124,0.0011921650387946878,44.98432668969444,0.268961986148046,-2.30313522109693,0.0357934731796987,0.08038543906312524,730,731,5.461952465651221e-05,1.0681767560584112e-05,2.025743003299556,False,False,True,2,4.619373074530072,,non-normal|heteroscedastic
2001-12,0.14113631914796715,0.0001316801478686407,244.205309454865,0.05471462431568208,-0.08029654032081379,0.023004562295545622,0.02438742526467673,731,729,2.922830458838864e-219,8.148961763904976e-07,2.044306060837217,False,False,True,2,5.585453136992646,,non-normal|heteroscedastic
2002-01,0.11854015997427939,0.0015551105866314753,323.745754281764,0.03418716809955813,-0.019377918899789792,0.02180298406828473,0.028401533088697948,729,710,9.3844929236792e-134,0.017162806970208094,1.9650001056686381,False,False,True,2,6.123528933475998,,non-normal|heteroscedastic
2002-02,-0.05185327235625295,0.16783569336993107,244.205309454865,0.0433894447166151,-0.054277104984190805,0.026652731862391508,0.027700858446581347,710,709,8.991755707385908e-106,0.03712305774610727,1.8608391270204612,False,False,True,2,4.833018893864623,,non-normal|heteroscedastic
2002-03,-0.1680771890650304,6.912478180075175e-06,323.745754281764,0.03170035849437647,-0.3198575113225679,0.025441822815288166,0.05273006510933165,709,708,3.758860017251806e-142,0.16202273848084958,1.9786948081279596,False,True,True,1,4.752174313675582,,non-normal
2002-04,0.18952962032891982,4.6431935147364e-07,244.205309454865,0.05087900682204316,-0.527898905324167,0.03791864753397297,0.054272597460103364,708,697,2.2610909782677454e-20,0.004683323057014497,1.8943905110134795,False,False,True,2,4.776669281326303,,non-normal|heteroscedastic
2002-05,0.3429790529515068,1.0624925073267154e-20,79.06043210907701,0.12621933879326475,-0.9386409059602014,0.0310376203090706,0.10390228102633142,697,698,7.38427384838922e-109,3.571989586177619e-07,1.9011626698430817,False,False,True,2,4.612317738769331,,non-normal|heteroscedastic
2002-06,-0.24959145603413668,2.2555132084312244e-11,8.286427728546842,0.26813495624757033,-6.303960111852019,0.039224617212773476,0.14852454607773338,698,698,0.004846676613438633,0.0031498682719579866,1.9467523116191803,False,False,True,2,5.098920872063198,,non-normal|heteroscedastic
2002-07,0.19382251944581433,2.462020604037157e-07,59.636233165946365,0.12513919814908703,-1.480116385681706,0.0177901167977711,0.03200116716929113,698,698,6.290539409497525e-59,0.40975232124327265,2.000170468688408,False,True,True,1,5.042459886135942,,non-normal
2002-08,0.01847758106832527,0.6265153135175756,138.9495494373136,0.08787265983101333,-0.5975870987450316,0.011769261983407057,0.018467503234354855,698,696,7.064520501439475e-47,4.467039354795939e-07,1.9537066080186973,False,False,True,2,5.823497779940147,,non-normal|heteroscedastic
2002-09,0.10262507957429971,0.004287456699039942,568.9866029018293,0.040863004470306885,-0.0651544459044946,0.011087261271105764,0.0139411505241427,696,773,5.537762128417202e-94,8.279019445099151e-05,2.034324097705499,False,False,True,2,4.1916097940040755,,non-normal|heteroscedastic
2002-10,-0.09233144616110293,0.010668628724514935,79.06043210907701,0.05726449627868113,-0.9947736737608568,0.012338884386547289,0.04268667417317426,773,764,5.735310980410076e-17,1.2631370813128425e-06,2.0859010696444384,False,False,True,2,4.826881683484157,,non-normal|heteroscedastic
2002-11,-0.25085486050488776,1.9896607072455955e-12,138.9495494373136,0.1538924212525563,-0.685954949844362,0.01810607338794038,0.028115849243839638,764,764,1.8446678540333482e-51,3.621029823589742e-05,1.9099031210297124,False,False,True,2,4.839265571689915,,non-normal|heteroscedastic
2002-12,0.21696473350995168,1.399396854790339e-09,138.9495494373136,0.07607381748484587,-0.39136197740562206,0.01540786677747848,0.02275770388019918,764,763,2.4262105213828754e-267,0.09260584481764807,1.819777106939525,False,True,True,1,4.64047988288398,,non-normal
2003-01,0.01152318630998998,0.7548065459185076,138.9495494373136,0.10930492375288148,-0.10613421600837292,0.014568584683174806,0.012476642914250118,763,737,2.07518592456162e-142,0.010818515460300205,1.9409049728314176,False,False,True,2,4.895722539523679,,non-normal|heteroscedastic
2003-02,0.3457604333352642,4.8795146819218645e-22,568.9866029018293,0.03178172756498954,-0.8084861425848409,0.010921019776258619,0.02774978293071895,737,734,4.7889028606517356e-189,0.03029975447953828,2.0268949092729374,False,False,True,2,4.514241583479477,,non-normal|heteroscedastic
2003-03,-0.1041679065563736,0.003437992018539374,104.81131341546852,0.08379102535529992,-2.266316931442071,0.014058498744827555,0.06246158981166986,734,787,0.0,0.06998397109387348,1.9556460638245228,False,True,True,1,4.48301194381653,,non-normal
2003-04,0.21647543974886194,1.3831644330501281e-09,323.745754281764,0.03821006216607781,-0.38417089345763555,0.01839225336760293,0.04807459670481425,787,767,1.5019964869010016e-81,0.01594666686739835,1.9458411318896138,False,False,True,2,4.240017449761083,,non-normal|heteroscedastic
2003-05,-0.015631952842254604,0.6657699017595132,79.06043210907701,0.10698706819821935,-0.134869179982662,0.031015849814117164,0.03692600418918734,767,766,4.095541189392786e-05,6.915522974378138e-05,1.9819701333730462,False,False,True,2,4.193768192869476,,non-normal|heteroscedastic
2003-06,-0.04171710407319742,0.24851515288365525,244.205309454865,0.043241547178470285,-0.4345827393648558,0.03113069529077171,0.044903979411235764,766,767,1.0630281955983595e-19,0.037844597276277675,1.9650588578117107,False,False,True,2,4.380631262780682,,non-normal|heteroscedastic
2003-07,0.05277422847383594,0.14397196481927052,568.9866029018293,0.019159763210643832,-0.06495898221707597,0.03070135210047254,0.037392943599757617,767,768,2.9066191472000755e-61,0.26238466105220887,1.986379513189894,False,True,True,1,4.529374494448905,,non-normal
2003-08,-0.24277576781669236,9.435355404826269e-12,79.06043210907701,0.04106472473070899,-0.9850777962658597,0.033670228865822785,0.0642129049441955,768,767,2.448457149651427e-14,1.5865839554934168e-07,1.90463463942951,False,False,True,2,4.562089420232472,,non-normal|heteroscedastic
2003-09,0.28005729565179,8.306483014259452e-18,44.98432668969444,0.23142701220647044,-0.10252082583181865,0.02486164738767373,0.03531769198495683,767,907,5.104181883925296e-59,0.33098896297709773,1.9353106064324432,False,True,True,1,4.579269790403429,,non-normal
2003-10,-0.1657899860201869,5.857348806974019e-07,244.205309454865,0.05546073630435022,-0.7814595848052295,0.030256976558907682,0.07428062808557324,907,898,6.942760180938033e-72,0.25742317646855445,1.9536453263948181,False,True,True,1,4.866573265291441,,non-normal
2003-11,0.325139793181601,1.4812451069473412e-23,244.205309454865,0.06786499166788107,-0.07293192227042722,0.03886676659410769,0.045836830135843186,898,898,0.00022426823973555429,1.1239256784225737e-07,1.909922554666671,False,False,True,2,4.481893575910075,,non-normal|heteroscedastic
2003-12,-0.12725194564941528,0.00013268475481474024,33.9322177189533,0.16671193302480658,-8.2842355610013,0.03559898143336267,0.18901029631308974,898,897,0.09036923835886002,0.008492246928839355,1.9408468861311934,True,False,True,1,4.891398948405922,,heteroscedastic
2004-01,0.26109212957602634,3.0442407512680097e-15,323.745754281764,0.08463268546401892,-0.41623435042069956,0.018635228093792953,0.02095001351427363,897,884,0.0,0.019652864226582734,1.9083429237540273,False,False,True,2,5.181610097023078,,non-normal|heteroscedastic
2004-02,0.18784152168951151,1.8316777748943623e-08,244.205309454865,0.06602966825143564,0.023568772442106867,0.013815998084109923,0.012595056727035104,884,884,6.80623147087588e-291,0.162652219499472,1.9998726264181756,False,True,True,1,6.072995730417783,,non-normal
2004-03,-0.024883074492288108,0.45567619823583194,138.9495494373136,0.04791208837238892,-0.9414519933474805,0.012281050541640075,0.050546830310146076,884,901,1.7921344370776488e-144,0.012720297888161095,1.897779182157933,False,False,True,2,5.169381493181905,,non-normal|heteroscedastic
2004-04,-0.05776924431137718,0.08676638984290995,1000.0,0.01309015795342039,-3.1136204227678066,0.02569477096949937,0.0696724934326286,901,880,4.668581579874617e-59,1.1086728720596114e-05,1.8748976297119642,False,False,True,2,5.230987757313368,,non-normal|heteroscedastic
2004-05,-0.059269677829677674,0.07904281229256109,104.81131341546852,0.059962649318075045,-1.4009677660103352,0.015921436450314134,0.026482148043579398,880,879,2.886364546776427e-267,0.04784350295786716,1.9734429884291327,False,False,True,2,5.1036637267883025,,non-normal|heteroscedastic
2004-06,0.07394363453491447,0.028368102301374747,754.3120063354608,0.014589696325208457,-0.5836157166780291,0.010868859596956385,0.03488616060163023,879,879,1.5177144639322453e-150,0.7534663381783778,2.0709169776411356,False,True,True,1,4.925105103456499,,non-normal
2004-07,0.12071547843057605,0.0003345087601481623,323.745754281764,0.03403052520828265,-0.04606216840751398,0.02127976243159989,0.02888687344018804,879,879,1.3163449167252058e-81,0.0648461709936189,1.863423910865602,False,True,True,1,4.137836221571236,,non-normal
2004-08,0.20779033102135783,4.977972095289198e-10,323.745754281764,0.04947456414990958,0.028372873796735476,0.026248638748576227,0.03181810232034362,879,879,1.2740425304566482e-25,2.409559000204257e-07,1.9485355619446376,False,False,True,2,4.231741530077374,,non-normal|heteroscedastic
2004-09,-0.09848541313062864,0.0014268935706423331,138.9495494373136,0.08573209465453602,-0.5797898454556343,0.029939746406794452,0.043182832972206875,879,1046,9.098364459212811e-36,1.4030920149743096e-08,2.0356820268776974,False,False,True,2,4.320620492573319,,non-normal|heteroscedastic
2004-10,0.10551217507851952,0.0006309908563850014,138.9495494373136,0.03509541602077293,-0.6369279812432049,0.026375225542783678,0.05856613720610441,1046,1046,9.57574374168812e-143,3.6891307663724985e-05,1.9541324519058374,False,False,True,2,4.649605920700032,,non-normal|heteroscedastic
2004-11,0.10219395870728969,0.000933405965848827,44.98432668969444,0.11811337200497207,-0.0436616339684206,0.031552208678209355,0.03617710279662688,1046,1046,3.2489767536175134e-16,6.000184012323063e-11,2.008882441180713,False,False,True,2,5.142696067204572,,non-normal|heteroscedastic
2004-12,-0.12167274980050613,8.103819440433575e-05,104.81131341546852,0.052877790853159135,-1.4901649782873307,0.032830695702579,0.04226501882296295,1046,1044,1.2034343967567112e-31,6.960595310460807e-07,1.9672702442015901,False,False,True,2,4.8759620641769255,,non-normal|heteroscedastic
2005-01,0.04839483105573041,0.11811675376344513,429.1934260128778,0.02722054731643575,-0.3408947855237594,0.016510770264924344,0.03463639091204441,1044,1044,2.893729122365332e-258,6.404293032668412e-10,1.9479281669348618,False,False,True,2,4.699869529826188,,non-normal|heteroscedastic
2005-02,0.07899514452270247,0.010669392058318069,568.9866029018293,0.01303720081460047,-0.297509602636036,0.02549404300567724,0.030122833964703256,1044,1044,9.756232477387639e-145,3.2727268462865498e-06,2.1249888970483806,False,False,True,2,4.979505405308166,,non-normal|heteroscedastic
2005-03,0.1618761088141831,1.1169937126484735e-07,244.205309454865,0.030264041052132207,-0.08390179774950557,0.022513278685293042,0.02326628859917555,1044,1063,2.7541402680566666e-293,6.892633055130928e-06,2.021925244003176,False,False,True,2,4.962748780349305,,non-normal|heteroscedastic
2005-04,-0.049752360844724466,0.10579642539933083,568.9866029018293,0.020737549838090397,-0.5847619660783709,0.021020172516650983,0.05313379544320864,1063,1058,3.162787388213365e-239,0.035618571508037135,1.9292338024273339,False,False,True,2,5.081692388239819,,non-normal|heteroscedastic
2005-05,-0.004735358617179152,0.8777316534522881,79.06043210907701,0.08419824657808084,-0.8564196908842654,0.03070494123055303,0.043605870588021116,1058,1058,2.5179679453714294e-30,9.625212162203463e-11,1.9196581670276447,False,False,True,2,4.872414148221553,,non-normal|heteroscedastic
2005-06,0.009522632186815315,0.7569190001445297,429.1934260128778,0.026518989605825327,-0.25847290373010723,0.022866320136328937,0.03492790820854074,1058,1059,2.922259219817614e-188,9.319655226526122e-08,1.9895885077647826,False,False,True,2,5.046506559863834,,non-normal|heteroscedastic
2005-07,0.25079167417649373,1.2263602326183555e-16,323.745754281764,0.0230232495018472,-0.10049216518872561,0.027115207774545843,0.03958260089541463,1059,1058,9.659534439575419e-84,0.0017617680163377622,1.9590962358048682,False,False,True,2,5.545178306781835,,non-normal|heteroscedastic
2005-08,-0.4210582421253534,8.489928161125584e-47,79.06043210907701,0.10795616651433804,-2.926283635033257,0.03208511260597969,0.10487926375833462,1058,1060,3.821954634945046e-24,0.00031232675477768174,2.004938273455743,False,False,True,2,5.187606469874388,,non-normal|heteroscedastic
2005-09,0.2827119300420512,8.718882826861587e-25,104.81131341546852,0.1469979060214639,-0.6131665352280642,0.022785473469755797,0.020420120634794044,1060,1271,6.839557915983845e-126,0.20883349423429315,1.970685497431892,False,True,True,1,5.176900815297898,,non-normal
2005-10,0.07880838269841468,0.0045598881288079676,79.06043210907701,0.07818407211593681,-3.1182168386623514,0.011668722378874516,0.07226541693783575,1271,1294,8.564741854561934e-130,2.2164979598744366e-05,1.9583354221946148,False,False,True,2,5.672319349653565,,non-normal|heteroscedastic
2005-11,0.19200128008490774,3.2855812078196397e-12,104.81131341546852,0.055141600972799965,-0.24343350826193166,0.016580133787975813,0.025804820835705542,1294,1294,3.1839466618157846e-108,5.205739882641367e-08,1.9978228539027454,False,False,True,2,5.710177388905121,,non-normal|heteroscedastic
2005-12,0.13970260751920582,4.5277387645784913e-07,184.20699693267164,0.09281373343601718,-0.04819333339247667,0.018826723679031557,0.025853922974649925,1294,1294,4.604791379352078e-202,5.165864576881559e-07,1.9310890480751628,False,False,True,2,5.678433590806157,,non-normal|heteroscedastic
2006-01,0.1044642939129909,0.00016689346958704141,244.205309454865,0.026745637494274055,-0.36935783693682267,0.024005536499194124,0.0269716397586662,1294,1294,1.0758946995492415e-152,0.00041637995797273237,2.001111542439412,False,False,True,2,5.8919597251889035,,non-normal|heteroscedastic
2006-02,0.38143749668242055,4.473343178929074e-46,568.9866029018293,0.02924800080404022,-0.11256967585780409,0.0191204756792336,0.032079249857051684,1294,1294,0.0,0.11306181813218873,2.0746986760159256,False,True,True,1,6.431914543542035,,non-normal
2006-03,0.008206426187400263,0.7656246847814804,138.9495494373136,0.1252487178213053,-0.2454809564188205,0.02522211916494221,0.04559715701528749,1294,1322,8.059798451056927e-134,0.013104520352137328,1.9868351718236892,False,False,True,2,6.4672874795395385,,non-normal|heteroscedastic
2006-04,-0.17231285542248478,4.535851632823524e-10,429.1934260128778,0.015600892350572937,-2.361715324991501,0.03603892973704046,0.07373253259827865,1322,1292,1.6034564187021383e-95,0.003740390491274995,1.942254139656177,False,False,True,2,5.829263788360352,,non-normal|heteroscedastic
2006-05,0.02884808353514338,0.2997627587963141,244.205309454865,0.05480742347412981,-0.0883686755221833,0.020730917321359118,0.014292204498310703,1292,1294,0.0,0.009376281297699822,1.8623925435156605,False,False,True,2,6.105092498728449,,non-normal|heteroscedastic
2006-06,0.0592093651798088,0.033196223296773596,244.205309454865,0.05939288741412785,-0.6166401915842494,0.01235183399521575,0.02022784266000296,1294,1294,1.0240809268174012e-60,0.010074164644226299,2.0822452783594505,False,False,True,2,5.879338617824128,,non-normal|heteroscedastic
2006-07,0.031010071553185418,0.2649829131337802,568.9866029018293,0.016729230021897523,-1.5647110905474237,0.012302951844718198,0.04967333125483772,1294,1294,9.204732374770247e-92,0.007299595885004006,2.048769818127363,False,False,True,2,5.2613894240250065,,non-normal|heteroscedastic
2006-08,-0.13986196712569018,4.2158494355925946e-07,184.20699693267164,0.026725516970018015,-0.33307501065179657,0.018850382787992732,0.023184199885475598,1294,1298,7.387176604898635e-71,0.003982613241997209,2.0882718706504058,False,False,True,2,5.063301215177545,,non-normal|heteroscedastic
2006-09,0.0638635230577255,0.010589752761586253,184.20699693267164,0.05013315419757092,-0.005672688540092841,0.016519627659138482,0.020548387015178107,1298,1601,3.556917154285942e-176,0.0025207454541972393,1.9456910833540229,False,False,True,2,5.041897008062436,,non-normal|heteroscedastic
2006-10,0.10930558532229193,1.0770316175294955e-05,1000.0,0.011740030989423333,-0.008124861325369048,0.02019260197303019,0.028310692370949617,1601,1614,7.92387310139197e-285,0.005848917813769324,1.8853077801458673,False,False,True,2,4.8428104083684,,non-normal|heteroscedastic
2006-11,0.05542866461074803,0.025913672118452788,59.636233165946365,0.0280023013479217,-0.03582923433933183,0.027296150395133105,0.02749671772503274,1614,1615,5.130183007143331e-270,4.752185826519067e-05,1.9764056997512693,False,False,True,2,4.403155852195101,,non-normal|heteroscedastic
2006-12,0.26338556100206156,5.6867009593746485e-27,1000.0,0.015418215225619036,-0.06477958432126107,0.02613632297259647,0.03374142930863094,1615,1611,0.0,2.653776216091373e-05,2.028284343882647,False,False,True,2,4.466168412741453,,non-normal|heteroscedastic
2007-01,-0.07889872965080079,0.0017092859147609732,79.06043210907701,0.09374950335662136,-3.0223668910874366,0.028717856276232193,0.0599313779424202,1611,1578,2.5920378435356638e-133,2.0866654161848634e-06,1.925252937808343,False,False,True,2,4.374700425196721,,non-normal|heteroscedastic
2007-02,0.06878138235739369,0.006269419944767094,244.205309454865,0.019263940149046754,-0.14641452429162305,0.014612506779260345,0.013979832916300953,1578,1578,0.0,2.682673677816774e-06,1.945513732427063,False,False,True,2,4.899674210627359,,non-normal|heteroscedastic
2007-03,0.06746051839274476,0.00738350197766697,184.20699693267164,0.04943649883142964,-0.8300185781183653,0.01159154794456381,0.03190054042295557,1578,1576,0.0,9.762425310730959e-10,2.0264393074655986,False,False,True,2,5.366340865532207,,non-normal|heteroscedastic
2007-04,0.013695720116652143,0.5905117959545579,1000.0,0.005535912071790161,-0.030876406149133784,0.01733531135446189,0.02040285840395732,1576,1546,1.1037992083321387e-208,1.1859872724334387e-07,1.8867533303291477,False,False,True,2,4.631917159854672,,non-normal|heteroscedastic
2007-05,0.08253415549106292,0.0011575146720717334,1000.0,0.012274879094980373,0.00692777748534168,0.019548818523392755,0.021342198204767873,1546,1547,0.0,1.6272360044887607e-05,1.9352074218066777,False,False,True,2,4.673852848302611,,non-normal|heteroscedastic
2007-06,0.08441762106328293,0.0008853500556947946,1000.0,0.013624096248635587,-0.020143972322162806,0.021198287058077414,0.023984738890395808,1547,1548,0.0,0.00034734807448116064,1.9469638613281823,False,False,True,2,4.988461227031033,,non-normal|heteroscedastic
2007-07,0.03206519648652315,0.20705170650663637,568.9866029018293,0.007774755632559471,-0.00868092783936758,0.023328338011388762,0.02123413634585665,1548,1550,4.427111742194913e-251,6.712969375537539e-05,1.8672855658262133,False,False,True,2,5.099695210005028,,non-normal|heteroscedastic
2007-08,0.04952289787832237,0.05125464124148345,104.81131341546852,0.05562882576278083,-0.3380607702990013,0.019880326594262008,0.03330791110271873,1550,1550,0.0,2.360869904911352e-09,1.9366562873374897,False,False,True,2,5.181060108691522,,non-normal|heteroscedastic
2007-09,0.1999168245694431,1.6581827474380506e-16,754.3120063354608,0.009714225279389255,-0.1876147786674094,0.024650861368060595,0.04549100676701291,1550,1669,2.9020711101370833e-143,1.8313475580101793e-07,1.9205369662719904,False,False,True,2,5.040435093461425,,non-normal|heteroscedastic
2007-10,-0.12420010013572098,2.746486809260384e-07,104.81131341546852,0.10296321495609173,-0.35384591646446095,0.03436055797864059,0.04094883189728439,1669,1702,3.7420617900833494e-186,4.993371228345896e-09,1.921943798268707,False,False,True,2,5.063852533222086,,non-normal|heteroscedastic
2007-11,0.42857643327962525,4.916830544430837e-77,244.205309454865,0.026559488420611843,-0.9689375815181771,0.02944297529424004,0.09096537268351881,1702,1703,9.129741082520876e-119,0.004331013265871855,1.9006101662212453,False,False,True,2,5.998700622480905,,non-normal|heteroscedastic
2007-12,-0.15852986461175345,5.055907562425095e-11,10.985411419875572,0.23819040034587913,-20.929020199155755,0.0351957800983137,0.31188363742983116,1703,1698,4.676219429451555e-09,0.0037310666403921537,1.9361793629120605,False,False,True,2,6.074053664934622,,non-normal|heteroscedastic
2008-01,0.07772926284014685,0.001326478994903692,244.205309454865,0.041179777040467935,-2.9221723564194915,0.013636739629133695,0.05485902448576862,1698,1703,0.0,0.00015173802650026366,2.0464454972059047,False,False,True,2,6.160016117365082,,non-normal|heteroscedastic
2008-02,0.01643809982289952,0.49795790447150456,429.1934260128778,0.03148550376550996,-1.5076355123167056,0.013546513420499744,0.03427852602767027,1703,1702,7.557010416721834e-114,0.00048821397709779887,2.0468469763836072,False,False,True,2,6.65839404325796,,non-normal|heteroscedastic
2008-03,-0.09875699352089684,4.254128739873291e-05,104.81131341546852,0.046565278397744825,-2.8575197760358035,0.01303312892148889,0.1009091192236296,1702,1712,0.0,9.891909093602534e-05,2.00382290005364,False,False,True,2,5.417553583334686,,non-normal|heteroscedastic
2008-04,-0.09533804832280443,0.0001533226815327603,244.205309454865,0.023488010289743566,-2.8204356126611048,0.025544642805237935,0.05158242230604385,1712,1572,2.0995706862567226e-37,7.24760956577198e-05,1.959872805649274,False,False,True,2,5.527327095825848,,non-normal|heteroscedastic
2008-05,-0.0906953152124964,0.00031902111778251715,323.745754281764,0.030444551751083515,-1.9853480617619375,0.01309065867121515,0.03662962914452599,1572,1571,0.0,0.0037106175495555255,1.9382286419739418,False,False,True,2,5.384148690647363,,non-normal|heteroscedastic
2008-06,0.07985731011888976,0.001536222955819698,323.745754281764,0.03302121996542062,-2.229637593253801,0.01186463801557131,0.06309283306943868,1571,1571,0.0,0.34608684581566246,1.9545643593963906,False,True,True,1,5.528089566195933,,non-normal
2008-07,-0.044230251381081075,0.07967660999463662,323.745754281764,0.03330308783223079,-0.16130036811347748,0.0188849817191702,0.016265838619229343,1571,1571,3.691854375437742e-40,2.2825456120511574e-06,1.977728167294855,False,False,True,2,5.525634094921606,,non-normal|heteroscedastic
2008-08,-0.022203467513463603,0.37915133643703786,1000.0,0.005724256730926358,-2.5688676906037085,0.013926395984271938,0.052059916586975265,1571,1571,0.0,0.0032913169975082998,2.022151893243291,False,False,True,2,5.392044787648879,,non-normal|heteroscedastic
2008-09,0.1668325510327935,4.138310260840354e-12,244.205309454865,0.029798172510108745,-0.669345381426423,0.014152563387159551,0.021740274528964237,1571,1705,0.0,2.1212723978744264e-07,1.9629178079593466,False,False,True,2,5.601987467094336,,non-normal|heteroscedastic
2008-10,0.13997028007876705,5.7912361397887775e-09,323.745754281764,0.016107993607705318,-1.0873142512133769,0.012813455240487453,0.050722862041730085,1705,1716,0.0,0.31940578831556565,1.9714420847995475,False,True,True,1,5.485396634040409,,non-normal
2008-11,-0.24110628531645892,4.308086869971062e-24,568.9866029018293,0.024134482941628455,-1.8165581651240705,0.023714058371545773,0.08988848126685448,1716,1714,4.863546431050605e-211,0.06254826684850646,2.002750636637257,False,True,True,1,4.5261036995826425,,non-normal
2008-12,-0.1721841139751483,7.23745333864057e-13,323.745754281764,0.06476738309175967,-1.8868580198091829,0.0298472939796024,0.05386680539116785,1714,1713,3.309283864703215e-36,9.822653821897308e-07,2.004560614574036,False,False,True,2,5.964597964883621,,non-normal|heteroscedastic
2009-01,0.1893009417633437,2.773803860425301e-15,323.745754281764,0.03699920461104078,-0.01431704597017025,0.01796893926920095,0.01852682132322378,1713,1713,0.0,0.020516749902644123,1.9695577114742564,False,False,True,2,8.523076329182041,,non-normal|heteroscedastic
2009-02,-0.08475142387182122,0.00044561088678218207,568.9866029018293,0.01646229733075044,-0.2898049447366593,0.01796462689294395,0.028212215906524018,1713,1713,0.0,3.398778542718277e-06,1.973705490346212,False,False,True,2,7.028473678889959,,non-normal|heteroscedastic
2009-03,0.20022988969387046,5.600852153463948e-17,568.9866029018293,0.025420055941139053,-1.1094286114583851,0.021317223129091335,0.06767407428174442,1713,1716,3.2755860576685256e-150,0.3696060248217401,2.015006886190793,False,True,True,1,6.587626710333907,,non-normal
2009-04,0.377796955021531,2.896425267368153e-58,184.20699693267164,0.09545502301386899,-0.9977916476665762,0.029019348477224285,0.07988750440843347,1716,1684,1.6493516366725587e-18,1.1807349343478475e-10,1.9070907996962925,False,False,True,2,6.233844657965669,,non-normal|heteroscedastic
2009-05,-0.1811646273382988,6.724112028051597e-14,104.81131341546852,0.21681081767481747,-9.438334081908469,0.03131809532226186,0.23829119375043764,1684,1685,1.3046972149157379e-58,1.5665443071406623e-61,1.9785295605851794,False,False,True,2,7.265258402026481,,non-normal|heteroscedastic
2009-06,0.24475078555203628,2.1603024603527883e-24,184.20699693267164,0.040091186551296065,-0.29992107678641355,0.021913249303325333,0.03157064330030105,1685,1684,3.3801947073604874e-263,0.07317444617484783,2.0189769050606863,False,True,True,1,7.163550639637812,,non-normal
2009-07,-0.11636872957409938,1.683655974237058e-06,184.20699693267164,0.048813605422779904,-0.2865313753559564,0.02310106891222512,0.03127667182184053,1684,1684,1.2793377079153123e-93,0.15383917167131117,1.9991923311501743,False,True,True,1,5.119900501613327,,non-normal
2009-08,-0.021628950741977352,0.375350870106748,323.745754281764,0.03956830075491313,-0.10311245263498225,0.02334891137518511,0.023256849391338617,1684,1682,6.76539251115527e-80,0.08849031060531738,2.0031460028774974,False,True,True,1,4.801596881716598,,non-normal
2009-09,-0.1365464465964489,7.2258027318806985e-09,1000.0,0.0023495308827309325,-1.2169607456993932,0.02103340112790496,0.041965479891924534,1682,1781,5.177877223634096e-186,0.0024560931467826168,2.0391314957560507,False,False,True,2,4.920091687428333,,non-normal|heteroscedastic
2009-10,0.09399437659546152,4.6170508122510214e-05,323.745754281764,0.04426541786150673,-0.6657222710628241,0.018091371471756417,0.03191464972575662,1781,1873,0.0,0.6301727621206095,1.9416655210757545,False,True,True,1,5.144064283306101,,non-normal
2009-11,-0.08879957627933904,0.00011902706900505237,1000.0,0.005493322879102092,-0.12359409284866585,0.019054396282993876,0.024431479493120183,1873,1873,0.0,0.039255168862248266,1.9572497588139912,False,False,True,2,6.328145851308968,,non-normal|heteroscedastic
2009-12,0.11279300812984526,9.954698386848985e-07,184.20699693267164,0.04556639123398787,-0.6048641467706017,0.02075324646909851,0.02863876855896701,1873,1872,2.569127579490069e-168,7.713309214488437e-05,1.969580849607724,False,False,True,2,6.687290474901118,,non-normal|heteroscedastic
2010-01,-0.14947842646275325,1.0380939223308176e-10,1000.0,0.00829882496978207,-0.06654467707595657,0.01769688760789899,0.01300969799082068,1872,1850,0.0,0.29962254703179914,2.016757190956874,False,True,True,1,6.285852618276889,,non-normal
2010-02,0.20351290443168762,9.556938146329193e-19,754.3120063354608,0.022303106621055835,-0.19109749112241392,0.011925933889891624,0.02364709781916466,1850,1850,0.0,0.0800261697599844,2.0490212983701572,False,True,True,1,6.456690319686933,,non-normal
2010-03,-0.0248938886921387,0.2838925722384411,244.205309454865,0.03278535863911336,-0.2486725378403376,0.01920230661793789,0.02885298656822126,1850,1855,0.0,4.027018986204725e-05,1.9971773538253697,False,False,True,2,6.378320341679587,,non-normal|heteroscedastic
2010-04,0.01509128360437563,0.5188117811568871,184.20699693267164,0.0396909883764095,-2.46195521590372,0.02218979129759652,0.04604524241094294,1855,1830,6.358429203031199e-191,0.00010182995078477114,1.9653569602472265,False,False,True,2,6.124049627389449,,non-normal|heteroscedastic
2010-05,0.095444047963853,4.323002532685232e-05,1000.0,0.00936771918527568,-1.054045438027218,0.013175763597598148,0.0327873952201666,1830,1830,0.0,0.4228571289524898,2.027957813153919,False,True,True,1,6.095432659391228,,non-normal
2010-06,0.12727028129563697,4.68313366660827e-08,1000.0,0.008632687731926048,-0.0008993249343594023,0.01582455347575273,0.019076515485730895,1830,1830,0.0,0.029113425716718534,2.0267246528364464,False,False,True,2,5.192454553810554,,non-normal|heteroscedastic
2010-07,0.06951911390805512,0.002932967447401459,429.1934260128778,0.01956110517006726,-0.0423998244515813,0.018686552477455903,0.022829566296421175,1830,1829,0.0,6.8993517560128794e-06,1.982272347496714,False,False,True,2,4.997121393697454,,non-normal|heteroscedastic
2010-08,0.02893165910604503,0.2161881766365674,1000.0,0.007705564950073462,-0.1387781159850061,0.02173220971373479,0.020384284476238704,1829,1829,0.0,0.03240978917585774,1.996831381159259,False,False,True,2,5.049351108162104,,non-normal|heteroscedastic
2010-09,0.06328361098898641,0.0061492135492497825,1000.0,0.0053553461778771405,-0.11581645562137965,0.01780427573350652,0.020485045394025615,1829,1873,0.0,1.8655380013031194e-08,1.9718419011770936,False,False,True,2,5.104497571622271,,non-normal|heteroscedastic
2010-10,-0.0034754623654479496,0.8785697853744333,1000.0,0.014310358126289557,-0.6484818642222996,0.01809607391652893,0.0242746266170622,1873,1935,0.0,0.0007071886619472884,1.9237397175253605,False,False,True,2,4.8436310626010295,,non-normal|heteroscedastic
2010-11,0.025611227849943165,0.26026361874850934,1000.0,0.004249457112880495,-0.5280390431179884,0.014662868398449215,0.017560970266045903,1935,1934,0.0,0.0001059567313421013,1.9048222553750946,False,False,True,2,5.137232505924631,,non-normal|heteroscedastic
2010-12,0.10843844264930108,1.7543151703384448e-06,138.9495494373136,0.02939110924296584,-1.441968157086118,0.011154710965868918,0.023617220577818173,1934,1934,0.0,3.3493458953300074e-10,1.9169015517364898,False,False,True,2,5.106938224940946,,non-normal|heteroscedastic
2011-01,0.030646275850723135,0.18375568216262567,104.81131341546852,0.050388869022609306,-0.10526143314890857,0.00918405732620432,0.012883285665110752,1934,1883,0.0,1.3774440771270607e-06,1.9359914431757415,False,False,True,2,4.632104876803616,,non-normal|heteroscedastic
2011-02,0.16399544890821402,8.171803392637126e-13,1000.0,0.007873367599127157,-0.5885029476190435,0.0115645497416562,0.02572498100154168,1883,1882,4.1980507162379125e-305,0.00012876154731711578,1.9730422640480072,False,False,True,2,4.483361836883057,,non-normal|heteroscedastic
2011-03,-0.055583781362864335,0.01593871428365656,568.9866029018293,0.02793170826899871,-0.20504615366051104,0.01574214160223148,0.01925134952530366,1882,1880,0.0,7.44755886404014e-07,1.9376516872307383,False,False,True,2,4.316019414679625,,non-normal|heteroscedastic
2011-04,-0.0034386922293227437,0.8846967594224929,184.20699693267164,0.040281391421324475,-1.1505489990046476,0.015332091906656754,0.025532517386815397,1880,1781,4.282106231320863e-286,1.0026352356867391e-06,2.0243704140637697,False,False,True,2,4.27145225386745,,non-normal|heteroscedastic
2011-05,0.08470180347877193,0.00034690546873253374,1000.0,0.026076073921758702,-0.096621899760154,0.011562968147918245,0.014078525899515089,1781,1780,0.0,0.001544659185324157,1.9630332726736675,False,False,True,2,4.08417887816873,,non-normal|heteroscedastic
2011-06,0.08256344685732046,0.00048515016405412727,1000.0,0.0038459391754074312,-0.11830904799617614,0.012788711175924426,0.016307741885429067,1780,1782,0.0,8.780875187697963e-05,1.9152887394800941,False,False,True,2,4.3693108468610165,,non-normal|heteroscedastic
2011-07,0.13376591862374068,1.4423084584874658e-08,244.205309454865,0.0326357987398147,-1.6493115855827098,0.014106588631847768,0.03359356618290116,1782,1782,0.0,0.0006825329886069916,2.117497238148495,False,False,True,2,4.2363974877138055,,non-normal|heteroscedastic
2011-08,-0.02510131618674869,0.2895798240665171,568.9866029018293,0.028038949197697893,-1.1625685158160852,0.012324574453611365,0.026543106178580737,1782,1782,2.9903254209647335e-185,1.1803472345001858e-06,1.9694202325185162,False,False,True,2,4.2179233416831,,non-normal|heteroscedastic
2011-09,-0.018348448679373228,0.43051974308026564,1000.0,0.013181134788274096,-0.0696919544647967,0.012112096207253295,0.014307884000489726,1782,1848,0.0,0.03730304334239537,1.9701118715077803,False,False,True,2,4.141839919836163,,non-normal|heteroscedastic
2011-10,0.16375906997777426,9.85229406370491e-13,1000.0,0.004807587714552364,-1.3422777487973319,0.01331140010328678,0.0319281099105461,1848,1874,0.0,0.03890414478234541,1.9682929584297264,False,False,True,2,4.2490180101003,,non-normal|heteroscedastic
2011-11,0.14180486961307778,6.941058389100463e-10,1000.0,0.013094864992804767,-0.06101412586683774,0.013452723801851097,0.015630794050468202,1874,1875,1.0796913810555974e-190,0.0023356379416334372,1.9510186433680834,False,False,True,2,3.8156401526428874,,non-normal|heteroscedastic
2011-12,-0.29957377969818644,3.4934540242343847e-40,1000.0,0.00801039359656508,-2.375847928743263,0.01461392912674862,0.08923651094357575,1875,1875,0.0,2.7372405512279942e-06,2.0371249377730964,False,False,True,2,3.8104185967448854,,non-normal|heteroscedastic
2012-01,-0.07719485654553151,0.0008403818221506439,104.81131341546852,0.1184019011645755,-1.0950461639686004,0.02330399356106361,0.03437138977976875,1875,1868,4.801334662808958e-48,9.019965424266133e-10,1.9239051107178557,False,False,True,2,3.856868947583954,,non-normal|heteroscedastic
2012-02,0.280394428098995,4.33411886321827e-35,1000.0,0.01007603075563468,-0.4698554890999953,0.016240722130332896,0.021453485462360616,1868,1868,1.7305612257589256e-247,0.0002645865728013503,1.997515402005935,False,False,True,2,3.9815020353616397,,non-normal|heteroscedastic
2012-03,0.16103129908043776,3.067661784759422e-12,568.9866029018293,0.05547485257442919,-0.21894295566526267,0.013785951523394943,0.020019938506775633,1868,1854,0.0,0.0007045285986721087,2.0331309785449596,False,False,True,2,3.882587085867819,,non-normal|heteroscedastic
2012-04,0.14096372062416698,3.077735530921735e-09,429.1934260128778,0.02478615649478577,-0.48957633226233743,0.016016927689019904,0.021377886009806536,1854,1753,0.0,0.13536364675903034,2.0639247990782414,False,True,True,1,3.836667425625717,,non-normal
2012-05,-0.01930010201396731,0.41933715066520805,754.3120063354608,0.025000763760491984,-0.5994211355009897,0.013992852921018206,0.021766118681181616,1753,1753,0.0,0.038781250078194114,1.9838649551382932,False,False,True,2,3.7961714935307826,,non-normal|heteroscedastic
2012-06,0.0030719456639061466,0.8977316397421973,1000.0,0.007377234524100329,-0.08678394091283947,0.013508352765529506,0.01636093651106483,1753,1753,0.0,0.005087282569317061,1.97438922298347,False,False,True,2,3.854130124457574,,non-normal|heteroscedastic
2012-07,0.12042294799415602,4.296236149886934e-07,1000.0,0.0036471536879282285,-0.011839562221841238,0.014999545951551658,0.016610981515907033,1753,1752,0.0,0.039677017829934116,1.963250221452935,False,False,True,2,3.8941106840052773,,non-normal|heteroscedastic
2012-08,-0.05574886215598422,0.019650403800727488,244.205309454865,0.03807963215656274,-0.6790013089676767,0.01579147727228186,0.027724354932296465,1752,1751,0.0,0.076642270627615,2.039754872186526,False,True,True,1,3.856707434367568,,non-normal
2012-09,-0.11553680435156222,8.227639435348307e-07,1000.0,0.00561804663971166,-0.42960290043160754,0.016419640691156624,0.024057213816283906,1751,1811,1.0745899587444837e-183,4.1714362539230354e-05,1.9819198952307024,False,False,True,2,3.812893541319338,,non-normal|heteroscedastic
2012-10,0.06781453547585913,0.0035564186114390695,1000.0,0.011582843313411417,-0.019052842012711402,0.016632984495844078,0.018936491238573223,1811,1846,0.0,0.006473080062384499,2.009582755735735,False,False,True,2,3.837743123564047,,non-normal|heteroscedastic
2012-11,0.005241299300915862,0.821946623672157,754.3120063354608,0.013567508176711929,-0.02905369121917234,0.01833032544412711,0.01527346407743958,1846,1846,0.0,1.792783489107487e-05,1.9470359517003948,False,False,True,2,3.7508874998472708,,non-normal|heteroscedastic
2012-12,-0.06270451044351887,0.007024851785806023,1000.0,0.011152733463587139,-0.12517310240066215,0.014676710586038309,0.017345663095036302,1846,1847,0.0,1.2387005094101923e-07,1.9740696626012035,False,False,True,2,4.172504990118594,,non-normal|heteroscedastic
2013-01,0.13834996755255424,3.2809182724632457e-09,1000.0,0.010957250120732231,-0.582753598226907,0.015247078240131186,0.018588058820225954,1847,1814,0.0,0.014765160930224928,1.9272263586989704,False,False,True,2,4.407317513785536,,non-normal|heteroscedastic
2013-02,0.2250988106464371,2.9353982431778624e-22,138.9495494373136,0.028260628431932222,-0.025726914021816594,0.011412230316122228,0.016465071389712014,1814,1813,2.429389182020398e-81,0.00614892177504611,1.9989362055884994,False,False,True,2,4.110503867331723,,non-normal|heteroscedastic
2013-03,0.039542730828347535,0.09461528663346012,323.745754281764,0.04923518464416399,-0.6909439969450626,0.015261772256984224,0.033696865823438255,1813,1788,7.321053761629357e-308,0.005778764895983654,1.9540033827750967,False,False,True,2,3.884712129427666,,non-normal|heteroscedastic
2013-04,-0.08838482296273674,0.000719431970572407,1000.0,0.0069830822665617465,-0.15985590758850488,0.019788684839782446,0.02201305718287376,1788,1461,1.2563587655851678e-155,3.164866958730894e-11,1.9753344573102474,False,False,True,2,3.9008614505953534,,non-normal|heteroscedastic
2013-05,0.19773751554595362,2.4012009219696832e-14,429.1934260128778,0.04983055982193596,-0.24226866674801117,0.018033390254093118,0.01786196047099057,1461,1461,0.0,7.391204127705312e-06,2.0309988092386693,False,False,True,2,3.785487195031743,,non-normal|heteroscedastic
2013-06,0.2050467501195408,2.4716608078295047e-15,323.745754281764,0.038760616352911725,0.007863461439856945,0.013821180822993752,0.021225015152096616,1461,1461,7.594573562987569e-224,0.04350125109382696,1.9408022695129534,False,False,True,2,3.835738981353181,,non-normal|heteroscedastic
2013-07,0.0491099486218739,0.060476990023390347,429.1934260128778,0.0274004660833973,-0.06085691747303845,0.020807055321499582,0.02578033384056558,1461,1462,3.664776673774447e-208,8.09714566888958e-05,2.042067310721702,False,False,True,2,3.818283842875607,,non-normal|heteroscedastic
2013-08,-0.04712117618720718,0.07177025191698672,1000.0,0.004563536568053861,-0.32208364071082496,0.024190523643354323,0.03148827798116122,1462,1461,4.1849935851845034e-219,0.0003542380855739409,2.0392243761282,False,False,True,2,3.7861561654670335,,non-normal|heteroscedastic
2013-09,-0.05247830055930828,0.044032813925912,568.9866029018293,0.021253866077530992,-0.019765488299957168,0.02331095355008518,0.025030567533352623,1461,1473,5.718814768675357e-135,1.6009044850325723e-12,1.941755654481041,False,False,True,2,3.868578213286364,,non-normal|heteroscedastic
2013-10,0.06718571393405025,0.009750653431173192,1000.0,0.005454751110316014,-0.033228733311786884,0.0244115262802322,0.02487370098954039,1473,1479,6.119234652931311e-79,1.0243279352221418e-08,2.088634118517065,False,False,True,2,3.9159339439419707,,non-normal|heteroscedastic
2013-11,0.003930096069294029,0.8799634732807817,1000.0,0.009882972220923714,-0.04630943414388078,0.023835840119050867,0.02301403496274243,1479,1479,2.688648409430102e-222,4.448939399260422e-05,1.982274750768989,False,False,True,2,3.954460988110768,,non-normal|heteroscedastic
2013-12,-0.11061955965007961,2.023956874267121e-05,1000.0,0.0060668365566615146,-0.7408816926870749,0.02186199591407742,0.03171043912528311,1479,1478,2.5072007529562795e-192,4.903786246062945e-08,1.9283300723531585,False,False,True,2,3.9255644277015738,,non-normal|heteroscedastic
2014-01,0.23340181996769427,4.394501964920853e-19,1000.0,0.006051093559694021,-0.1418811782133751,0.018104938677749958,0.020225208416746573,1478,1425,0.0,2.6206217141315996e-09,1.9466345704359438,False,False,True,2,3.92021866236872,,non-normal|heteroscedastic
2014-02,0.016287061811912938,0.539001041318096,429.1934260128778,0.052306957174693025,-0.22641257711797613,0.016785712622247036,0.02952690476424245,1425,1425,7.8101475191094e-310,0.010195944206825864,2.048196658856061,False,False,True,2,3.7863954913771463,,non-normal|heteroscedastic
2014-03,0.0068912256181693,0.7955663091894308,429.1934260128778,0.028807549180317138,-0.021517660667154326,0.023382267548570194,0.024498188594313235,1425,1416,7.112028058874458e-91,0.00019723004088282225,1.9610267984448067,False,False,True,2,3.7787556859060745,,non-normal|heteroscedastic
2014-04,0.0786312813464192,0.0031957370740308974,184.20699693267164,0.06543350403622983,-0.29471170898291277,0.022412912819435787,0.0511500179487956,1416,1404,1.1224637684862903e-153,0.0002802997137340747,2.0739239030950887,False,False,True,2,3.8936102654830274,,non-normal|heteroscedastic
2014-05,0.10177713143924538,0.0001341287965470193,138.9495494373136,0.0770441101448408,-0.05253672377279184,0.036463106037037514,0.03159122200988287,1404,1403,1.2185610395727789e-13,6.196024763563603e-07,1.9758047679551884,False,False,True,2,3.9094012539807745,,non-normal|heteroscedastic
2014-06,-0.09443591955952244,0.0003989869352754836,138.9495494373136,0.04974475578210791,-1.498624136761049,0.028521308290828978,0.06177096642246346,1403,1402,1.2239711462843088e-32,2.238934883493515e-10,2.090791320599102,False,False,True,2,4.122845875004575,,non-normal|heteroscedastic
2014-07,0.2753875282442919,8.433655509605582e-26,59.636233165946365,0.12425228411205136,0.004291446298692159,0.021650228202304795,0.029086870118134114,1402,1401,6.570081024307665e-231,0.0035055595117965306,2.051139479889208,False,False,True,2,4.45939163984874,,non-normal|heteroscedastic
2014-08,0.19834387842034903,6.787140962558943e-14,104.81131341546852,0.0663181067167824,-0.05638558970860674,0.027274932871300124,0.03129642665566195,1401,1401,8.172679503733996e-151,0.00012739316079307455,1.994783506251694,False,False,True,2,4.9694630533665265,,non-normal|heteroscedastic
2014-09,0.026638741605756647,0.31924194097181896,138.9495494373136,0.05738177334607075,-0.30462258543889686,0.02792596044679317,0.020829631336170083,1401,1400,4.613514159164671e-71,3.371499029803979e-05,2.1013238230551896,False,False,True,2,4.853831679357337,,non-normal|heteroscedastic
2014-10,0.07276802378928146,0.002380633857107011,323.745754281764,0.02884232754961924,-0.006851867918034271,0.015505523599094467,0.031004865773990933,1400,1741,0.0,0.013087835156680315,1.979781848345753,False,False,True,2,4.876977944159123,,non-normal|heteroscedastic
2014-11,0.14756418731182305,6.146264262142254e-10,1000.0,0.010667617623728809,-0.1719976688595135,0.03046537300950419,0.02028600297747312,1741,1741,9.10692865605225e-157,1.1896714423657577e-06,1.9871232547138307,False,False,True,2,4.622390329808502,,non-normal|heteroscedastic
2014-12,0.08562390915091782,0.000353495516421555,244.205309454865,0.022038512859911874,-0.21649267078405465,0.016927448037745155,0.029868227859593137,1741,1737,0.0,0.000979805464707093,2.0245737291197488,False,False,True,2,4.421054436295635,,non-normal|heteroscedastic
2015-01,0.026633305494700894,0.27213784709755595,1000.0,0.005587728335996189,-0.18718130154523616,0.024415545633573753,0.025452583110375127,1737,1702,2.808435880188134e-195,0.0004570152834388849,2.03106082372432,False,False,True,2,4.449253485897548,,non-normal|heteroscedastic
2015-02,-0.06922929042615124,0.004282524633755659,1000.0,0.002763311427602666,-0.10559159544423813,0.02138026404523611,0.0210441551457811,1702,1701,0.0,0.047221733345553546,1.9469349533250622,False,False,True,2,4.052022823957295,,non-normal|heteroscedastic
2015-03,-0.17981314589369604,8.471032535737031e-14,244.205309454865,0.07010768134230427,-0.5786713077616537,0.017699843507619755,0.03719828516037169,1701,1697,2.403181355756647e-265,0.07151854785114402,1.9945633516220482,False,True,True,1,4.280633347939806,,non-normal
2015-04,-0.1503822000072343,1.1678537576571981e-09,323.745754281764,0.03354428178854596,-0.19427519622281686,0.022772628617590145,0.019119248766551838,1697,1621,0.0,0.0002720177337257613,1.9661416850020563,False,False,True,2,3.96572791550566,,non-normal|heteroscedastic
2015-05,0.12030384029762224,1.1975368919178018e-06,1000.0,0.020745530684455837,-0.003272675983941653,0.01567696445828931,0.0216579032445489,1621,1620,0.0,0.0946507213035553,1.9449812535347548,False,True,True,1,3.769592521975327,,non-normal
2015-06,0.1429108643438968,7.672370187174291e-09,568.9866029018293,0.016405526565956285,-0.7007420527785935,0.02123310486515085,0.06407645677763818,1620,1619,0.0,2.262252947199451e-06,2.028749369911536,False,False,True,2,3.595842644914564,,non-normal|heteroscedastic
2015-07,-0.05256906329169562,0.03453826488729851,244.205309454865,0.05277014554825776,-2.5941663417696854,0.03568744168353142,0.07871164107123896,1619,1617,4.834200501327987e-34,1.2390285709478917e-06,2.0407129903864565,False,False,True,2,3.4470310050315796,,non-normal|heteroscedastic
2015-08,0.0022205724629977023,0.9289034299489716,1000.0,0.0051695554791085785,-0.621383268763303,0.02178662015885276,0.02207759869529492,1617,1617,0.0,0.0017526693594953854,1.9992258900583788,False,False,True,2,3.4201661721359,,non-normal|heteroscedastic
2015-09,0.0015816092081715138,0.9490936748675969,1000.0,0.00991507502785216,-0.25659169485800026,0.013481511786210057,0.026130578565735644,1617,1632,0.0,6.73344802057544e-07,1.9609768946632156,False,False,True,2,3.650699981330923,,non-normal|heteroscedastic
2015-10,0.17333219541892173,1.0358565641617962e-12,429.1934260128778,0.015887675445560245,0.0225996554404998,0.02046442334411932,0.02563390948611631,1632,1667,1.2317828444812033e-202,2.171870442311056e-05,2.0061434160955183,False,False,True,2,3.2952721401818055,,non-normal|heteroscedastic
2015-11,0.2030822756457546,5.998508833685605e-17,184.20699693267164,0.04040734421120007,0.027860276887152646,0.025166873962089775,0.0243031796065911,1667,1664,8.852734235530359e-125,2.367948395503136e-10,1.9848117960357823,False,False,True,2,3.2858507148912026,,non-normal|heteroscedastic
2015-12,0.00920004999285904,0.7078166382141888,244.205309454865,0.05385242720879557,-1.5966111052912226,0.023653384229846607,0.04278013563691811,1664,1662,2.8192073485395774e-126,1.5296073529186313e-09,2.0179045469229675,False,False,True,2,3.401739179035569,,non-normal|heteroscedastic
2016-01,0.0039715253730310575,0.8716260439741671,429.1934260128778,0.016841290533275433,-0.5357978661074883,0.01619790613153318,0.021261538383085796,1662,1658,0.0,2.447508005645918e-10,1.999438190896037,False,False,True,2,3.6624187695490744,,non-normal|heteroscedastic
2016-02,0.04974047539900392,0.042921386145276054,104.81131341546852,0.08899108032172465,-2.9068591627953677,0.012611979441126228,0.08266769222183865,1658,1657,0.0,0.04852342727108486,1.9101506652123434,False,False,True,2,3.377521982722265,,non-normal|heteroscedastic
2016-03,0.05540261799723683,0.024635524022384732,323.745754281764,0.04771938167265244,-0.05942371887189246,0.020149905022012866,0.01821193779842648,1657,1645,3.296350471558192e-70,1.427122206910352e-05,1.9942501542537858,False,False,True,2,3.2833970942527104,,non-normal|heteroscedastic
2016-04,-0.09344347580773973,0.00017846846420511937,1000.0,0.02070027736201774,-0.42369416242734514,0.01683457271816648,0.02441501691012009,1645,1604,4.483624045129177e-182,8.725883198000657e-08,1.973237408889692,False,False,True,2,3.010882252089771,,non-normal|heteroscedastic
2016-05,-0.03396103503333818,0.17386329141620482,1000.0,0.019811442035371885,-0.4020498681027924,0.016809312596330814,0.029396977428235507,1604,1605,2.797341079829889e-271,0.004576537163096073,1.933224072643805,False,False,True,2,3.068770166648329,,non-normal|heteroscedastic
2016-06,0.0673574688420394,0.006927465001760695,244.205309454865,0.03192463658388889,-0.014503217742976693,0.020297772750182838,0.017119891804464743,1605,1606,3.779808664815854e-190,1.179635626734378e-12,1.9359757262650534,False,False,True,2,3.1377296946290674,,non-normal|heteroscedastic
2016-07,-0.04833656130460731,0.05278102996651227,568.9866029018293,0.018926550540210307,-0.15560091342987614,0.016555759521740446,0.024238901028074373,1606,1606,4.945173356614066e-158,2.2322578867657004e-09,1.9186434935811156,False,False,True,2,3.1182673242908616,,non-normal|heteroscedastic
2016-08,0.0598254749175812,0.016461011449338783,568.9866029018293,0.018676390413447597,-0.028813649362243066,0.02058340866024638,0.01919823669068718,1606,1607,1.6723094627205393e-293,0.00045493975605272245,2.0501503980823594,False,False,True,2,3.094711329281535,,non-normal|heteroscedastic
2016-09,0.18490152878712213,4.519601144569081e-14,568.9866029018293,0.012435894728180075,-0.4267578953967066,0.01842849718409939,0.03980238268034928,1607,1639,0.0,0.00019489908918901498,1.9343369053772934,False,False,True,2,3.2619061251090895,,non-normal|heteroscedastic
2016-10,-0.14593726457394843,1.397333318363018e-09,138.9495494373136,0.06947869506725024,-3.80538816566081,0.02595882958885134,0.06621621648674805,1639,1706,3.4632446921050727e-81,7.682642907749622e-08,1.970090579682717,False,False,True,2,3.1721824893158823,,non-normal|heteroscedastic
2016-11,0.010295128086678462,0.6708898812966412,754.3120063354608,0.0151073387996431,-0.6860721119458228,0.013571404311577422,0.01933845065720828,1706,1706,0.0,0.0009279679355261289,1.9854484529120646,False,False,True,2,3.2459513254670744,,non-normal|heteroscedastic
2016-12,-0.024104560486667707,0.3200090131140998,1000.0,0.0033304142963604955,-0.6431766990319705,0.011431329341202796,0.025018508738382496,1706,1704,0.0,0.0007432317733514039,1.9426461025378543,False,False,True,2,3.4527341365021433,,non-normal|heteroscedastic
2017-01,0.00900862010314853,0.7122274505239538,568.9866029018293,0.011328506642993008,-0.15354067311817343,0.015053211508241264,0.01985813681575859,1704,1679,1.4828662989510346e-244,0.001221760462895579,1.9789987032454581,False,False,True,2,3.050731497115428,,non-normal|heteroscedastic
2017-02,0.09862639720710063,5.1626458492882485e-05,754.3120063354608,0.009979956003333346,-0.0021027520189351723,0.017043138523139965,0.01629119511854896,1679,1679,0.0,0.0010642437557823567,2.0135342727834593,False,False,True,2,3.0652092553027175,,non-normal|heteroscedastic
2017-03,-0.06681063107325276,0.0063248435002152105,323.745754281764,0.022248105462922885,-0.1305171066173194,0.015895322968969804,0.020493843552192248,1679,1669,0.0,0.011492550799657527,1.9617717902050424,False,False,True,2,3.6123656163814464,,non-normal|heteroscedastic
2017-04,-0.14634524466653595,3.1242178971117028e-09,754.3120063354608,0.015399222539973056,-0.9133166243425141,0.017848694351038242,0.030020380112568724,1669,1624,1.5197770565463572e-197,3.310660963750314e-07,1.9438572622990629,False,False,True,2,3.425862276343138,,non-normal|heteroscedastic
2017-05,0.0992026568451417,6.213316770339462e-05,323.745754281764,0.031650595439043916,-0.18179339642793768,0.015193625998357219,0.01985221794499264,1624,1624,0.0,0.040632059398762896,1.9446683273989538,False,False,True,2,3.4263914599679492,,non-normal|heteroscedastic
2017-06,-0.03815756464364582,0.12427298244023201,429.1934260128778,0.013872256276090233,-0.157028052325491,0.016565351396600602,0.019247343705751405,1624,1624,0.0,5.016300228991384e-05,2.0332063915491827,False,False,True,2,3.6126477444263814,,non-normal|heteroscedastic
2017-07,-0.10745404277395244,1.4279867499676765e-05,1000.0,0.008643151836019936,-0.5802373234192737,0.01649137715659701,0.021913851745246224,1624,1624,0.0,7.156110814395141e-05,2.0016098219278535,False,False,True,2,3.4037622816397595,,non-normal|heteroscedastic
2017-08,-0.0053560947789137205,0.8291853635762543,244.205309454865,0.0586464968731526,-0.14644230445586515,0.013054166486052959,0.022088737963722415,1624,1625,6.790703282803691e-277,3.2434970173614425e-06,1.995961568739851,False,False,True,2,3.408746218412053,,non-normal|heteroscedastic
2017-09,0.09586519352207967,9.156707132338212e-05,1000.0,0.007636298458914337,-0.3095625684329213,0.019120074061166628,0.0330638625988551,1625,1660,0.0,1.7871444537584954e-05,2.0111932062132847,False,False,True,2,3.520510430147244,,non-normal|heteroscedastic
2017-10,0.035785736226203776,0.13690503652048716,323.745754281764,0.039506643372502204,-0.1162157099532457,0.02425055597660159,0.027652552864114843,1660,1729,4.007226957683637e-198,2.0507395397403264e-09,1.8986322098329889,False,False,True,2,3.4809500770634294,,non-normal|heteroscedastic
2017-11,0.06259276539892471,0.009231608495466006,1000.0,0.008790571333248898,-0.035948378611756926,0.02455571166147132,0.027928326718463892,1729,1729,2.1650315463455478e-128,1.812702935379055e-05,1.9607937450464488,False,False,True,2,3.1200710990920175,,non-normal|heteroscedastic
2017-12,-0.0526434715910566,0.028602952382618944,323.745754281764,0.02953905877069518,-0.6919970205841268,0.026162838606379586,0.031255775842281064,1729,1729,1.0823783122735106e-168,1.7370115321066244e-14,1.9952867837323478,False,False,True,2,3.7171354100761635,,non-normal|heteroscedastic
2018-01,0.020248638173880448,0.40201810386989967,568.9866029018293,0.011564148274737618,-0.060935177344762614,0.018259092090678348,0.013439947900755912,1729,1715,0.0,1.70260340912702e-17,1.9603560178512704,False,False,True,2,3.6229930617661457,,non-normal|heteroscedastic
2018-02,0.32289946661110386,6.54559836878306e-43,323.745754281764,0.045392860883445296,-0.2983591037126907,0.012092982200407271,0.011830661441855721,1715,1715,0.0,4.155727922495608e-09,2.081102713539509,False,False,True,2,3.5207200292687015,,non-normal|heteroscedastic
2018-03,0.08831237628321947,0.0002601082290986234,138.9495494373136,0.10132114679313997,-2.135046784272497,0.00818877090848221,0.05747465694027839,1715,1706,1.6529792650469477e-145,0.0001682306334037262,1.913113847337111,False,False,True,2,3.372715533235641,,non-normal|heteroscedastic
2018-04,0.09302308221830743,0.00017976947149997056,754.3120063354608,0.034172992550226655,-2.2515011836233065,0.01770645854323763,0.03881793877187991,1706,1617,1.633301897454064e-138,2.324299556371104e-09,1.9859937395489469,False,False,True,2,3.106169529099006,,non-normal|heteroscedastic
2018-05,0.12265138879489344,7.539541628204729e-07,323.745754281764,0.043074501489389516,-0.07785731712608501,0.011424223247257772,0.011632931906906807,1617,1617,0.0,4.576760996386667e-05,2.0133632110698985,False,False,True,2,3.0238190109012044,,non-normal|heteroscedastic
2018-06,0.07610880736665672,0.0021945340827974414,184.20699693267164,0.04087305932749896,-1.1026909642469156,0.010351517045570028,0.024834276778353422,1617,1617,0.0,0.00022097692746314665,1.9633591169749895,False,False,True,2,3.1280292777688907,,non-normal|heteroscedastic
2018-07,0.06419216667138694,0.009778724448328406,429.1934260128778,0.016003846242102937,-0.010954615196529405,0.011621694888488257,0.021655980546247063,1617,1619,7.070556007716936e-122,0.014216049021561802,2.0234145277863087,False,False,True,2,3.0239848975375385,,non-normal|heteroscedastic
2018-08,0.1282521410590739,2.2443802243353882e-07,1000.0,0.01051158970613808,-2.3069324091575365,0.02119614613945369,0.04348495454407823,1619,1619,2.311387590808076e-238,3.15926728527298e-08,1.9638625049218847,False,False,True,2,2.996662583172127,,non-normal|heteroscedastic
2018-09,-0.05673809074666893,0.020332219970473804,323.745754281764,0.021726495169044124,-1.0501412248251611,0.012863939635248732,0.028405188046916902,1619,1672,6.05170650509766e-253,1.7672468080996353e-05,1.9940132157364512,False,False,True,2,2.931245155179202,,non-normal|heteroscedastic
2018-10,-0.06266908209607083,0.009664828942355397,568.9866029018293,0.007335730251212702,-0.05749344735736517,0.013753596536782195,0.018253753003546463,1672,1704,4.3000140552959917e-42,0.0034680232345322597,2.019197305444529,False,False,True,2,3.08681348846994,,non-normal|heteroscedastic
2018-11,0.021874510795643145,0.3668364619639021,1000.0,0.009103963391281611,-0.011495820402054768,0.017104192512633357,0.011232071191983875,1704,1704,1.9791672196637486e-306,0.00028125305567490997,1.9863292034298987,False,False,True,2,3.091248655329452,,non-normal|heteroscedastic
2018-12,-0.09347661272950705,0.00011192629773644994,323.745754281764,0.008828741736360612,-0.6300456699364625,0.011006378782504772,0.01915593396048874,1704,1703,0.0,4.5228639340883256e-08,1.9929429460930561,False,False,True,2,3.3047528028933693,,non-normal|heteroscedastic
2019-01,0.08002399433690183,0.001027698199551046,429.1934260128778,0.020684069779358327,-0.0499352002483624,0.01150870287363939,0.015392543874914713,1703,1680,0.0,5.737607574530222e-08,2.008218243057981,False,False,True,2,3.592734734727362,,non-normal|heteroscedastic
2019-02,0.05876198892415866,0.016004463124352934,568.9866029018293,0.01616116662616285,-0.8223680705809453,0.014423540047966225,0.02565447786754991,1680,1680,0.0,0.024234316158393488,1.8834681115829484,False,False,True,2,3.7160752691017764,,non-normal|heteroscedastic
2019-03,-0.04590927134007142,0.06046572773358635,1000.0,0.007134317624423625,-0.7774320285180087,0.0139771164152553,0.019082285144665364,1680,1673,1.027708154825879e-234,2.759129496503394e-07,2.0559453521349926,False,False,True,2,3.633457569983753,,non-normal|heteroscedastic
2019-04,0.09118491264932234,0.00027068138572291557,1000.0,0.007299802372901842,-0.02041142232885096,0.010657503595274061,0.013961539423467197,1673,1591,0.0,0.0004298298193000748,2.0251191007171347,False,False,True,2,3.428940953170844,,non-normal|heteroscedastic
2019-05,0.3827567682088775,1.234347178690824e-56,754.3120063354608,0.018304211141065285,-0.4675083870203782,0.013431821869187859,0.017816274972996562,1591,1590,1.752694970928253e-195,0.0009807152398072477,1.9699272154181877,False,False,True,2,3.6448797632673364,,non-normal|heteroscedastic
2019-06,0.2494539794478029,5.57083507116867e-24,138.9495494373136,0.10995382697921707,-0.19272882874352715,0.010805599134869778,0.016752126408597606,1590,1590,0.0,8.870047921270772e-08,1.8920673095900682,False,False,True,2,3.5823004361516397,,non-normal|heteroscedastic
2019-07,0.08203007028588324,0.0010608197780436436,184.20699693267164,0.048090772793772496,-0.7718161546253539,0.01336976462660664,0.032781653654055824,1590,1590,0.0,3.360524071237644e-05,1.8830416682737436,False,False,True,2,3.2236356198556892,,non-normal|heteroscedastic
2019-08,-0.010675915519428744,0.6705615999496914,1000.0,0.004304211194245622,-0.31309936399631955,0.01842208877496882,0.02694440974040738,1590,1590,3.484066224331517e-138,0.00014974848339815606,2.111425082977339,False,False,True,2,3.344568254484096,,non-normal|heteroscedastic
2019-09,-0.013452651983083172,0.5854807811598882,244.205309454865,0.03547888666957422,-0.17042702115468988,0.019791687356968166,0.019246442455785485,1590,1646,2.567193682520506e-166,3.6785328735809116e-10,1.9987549536604652,False,False,True,2,3.8062057677114467,,non-normal|heteroscedastic
2019-10,0.00324919854118549,0.8942252630982855,429.1934260128778,0.025784174620521516,-0.05114697664061829,0.016019955523740054,0.021893190697051583,1646,1677,2.341727027529606e-132,4.851626038898784e-08,1.9495465310138198,False,False,True,2,3.558582112688361,,non-normal|heteroscedastic
2019-11,-0.07430677825338335,0.002334684423249789,429.1934260128778,0.03474143109974848,-0.04922706846997005,0.02010431499164311,0.016251711190509516,1677,1676,0.0,1.51156947321348e-14,1.9599518885829772,False,False,True,2,3.3020983957381955,,non-normal|heteroscedastic
2019-12,0.016456360266466154,0.5007885520602742,1000.0,0.007144185898564914,-0.15854340263982647,0.015378564306508401,0.02250736483773305,1676,1676,0.0,4.076682344509188e-07,1.9348095541033652,False,False,True,2,3.3276128574686252,,non-normal|heteroscedastic
2020-01,-0.1678677302907831,2.9495857152157104e-12,429.1934260128778,0.012983966769343214,-1.2915146605564867,0.019175051974743135,0.04539033250065726,1676,1707,5.170977222777456e-177,7.304359140838377e-11,2.0603912324475866,False,False,True,2,3.3812680426832897,,non-normal|heteroscedastic
2020-02,0.10830344388438146,7.306171496725464e-06,138.9495494373136,0.08343838395589198,-2.2687817601048037,0.018155256532148327,0.041080885192850726,1707,1707,0.0,7.477881110008693e-07,1.96494744271067,False,False,True,2,2.915913020109553,,non-normal|heteroscedastic
2020-03,0.029880118226110322,0.2191407707106812,104.81131341546852,0.03889503398033323,-5.275543239072992,0.012078824976699185,0.2514918379578075,1707,1693,0.0,0.21720344322816373,1.976254888399812,False,True,True,1,2.908622608984697,,non-normal
2020-04,-0.1846569672639203,3.8843714816465296e-14,244.205309454865,0.06215494906548491,-3.450951136369609,0.037584057123634045,0.08598651269210113,1693,1652,2.0326160085038557e-06,4.540859845463666e-13,1.9508281274570234,False,False,True,2,2.977669521979584,,non-normal|heteroscedastic
2020-05,-0.15432595292223109,2.8353889852751583e-10,1000.0,0.013347971647708734,-1.149152865745159,0.01906081746559003,0.08502253414129712,1652,1653,0.0,5.116191953756162e-08,1.908920948591468,False,False,True,2,4.229798066495022,,non-normal|heteroscedastic
2020-06,-0.38972428998193853,4.3668718553745386e-61,104.81131341546852,0.17187871960098533,-1.7409705578120853,0.03276126652416954,0.0810974514486705,1653,1653,4.109613103011021e-12,3.2509350059803004e-12,1.9797768899820398,False,False,True,2,3.923865644805568,,non-normal|heteroscedastic
2020-07,-0.1916149240056756,3.99293535298992e-15,138.9495494373136,0.08549595243160357,-1.0018363953959537,0.027057549883531148,0.056266747661875484,1653,1652,7.122326970996083e-165,1.1549207963539554e-09,1.9023302565727418,False,False,True,2,3.3692921283085395,,non-normal|heteroscedastic
2020-08,-0.25870563456214846,1.1794506633529412e-26,184.20699693267164,0.04992326080992604,-1.2820721212884507,0.026704344204338284,0.044934597349031054,1652,1651,3.316313568155575e-82,1.939815812483297e-08,2.0579184995553965,False,False,True,2,2.937216955132064,,non-normal|heteroscedastic
2020-09,-0.03241062390215912,0.18385222539733098,138.9495494373136,0.07880447350662556,-0.11396589714456407,0.018138581018788215,0.01524729934591655,1651,1683,0.0,1.8078327112707007e-05,1.9566687462098107,False,False,True,2,2.789999426381527,,non-normal|heteroscedastic
2020-10,0.00539259491708396,0.8214951952113525,1000.0,0.007267925879186454,-0.46796461973849146,0.013587923241826437,0.03484642288060054,1683,1753,0.0,0.014315473511766421,2.050797350997012,False,False,True,2,3.010162697278682,,non-normal|heteroscedastic
2020-11,0.20226944687682027,1.2172791480147777e-17,1000.0,0.009083573563452574,-0.02043127799377964,0.023522292275063618,0.030744476251367243,1753,1753,2.046572189660471e-166,0.0012434055646192543,1.9246489895373515,False,False,True,2,3.008586389211283,,non-normal|heteroscedastic
2020-12,-0.01692794870716248,0.4787597096301548,323.745754281764,0.09576397249765267,-1.2098952783973056,0.027243640676943303,0.038502923234923034,1753,1753,7.69477517072767e-76,3.627865490399047e-16,1.905765963282489,False,False,True,2,3.175286004704442,,non-normal|heteroscedastic
2021-01,-0.07051772620885495,0.003267495541802404,1000.0,0.004556157032009844,-0.20324619472362482,0.01734358104890371,0.034854169363208745,1753,1738,0.0,0.00026180148018547904,1.9053659023542018,False,False,True,2,3.177711405897922,,non-normal|heteroscedastic
2021-02,0.11469117423892447,1.6366449656847654e-06,1000.0,0.006636383597404261,-0.39071679274954074,0.028774546619944368,0.026797635085719137,1738,1738,5.1677549925964255e-130,2.0870089953210143e-07,1.9314853484191157,False,False,True,2,3.212817895020257,,non-normal|heteroscedastic
2021-03,0.08018630365365656,0.0007949098296918479,568.9866029018293,0.01967983554534225,-0.18620482461376842,0.018889728067703858,0.029343246397333406,1738,1747,0.0,0.0002759783203859098,1.9901284539037722,False,False,True,2,3.1751300379333287,,non-normal|heteroscedastic
2021-04,0.11671408523154142,1.0667174103692142e-06,79.06043210907701,0.05387254969474886,-0.2714504329681291,0.023404432625391935,0.03559716820978672,1747,1738,9.052341093917429e-179,2.6647055527521235e-08,2.005676042695136,False,False,True,2,4.570508666442415,,non-normal|heteroscedastic
2021-05,0.24309959903161407,8.238401811278931e-25,138.9495494373136,0.07350158878480217,0.04784772816288774,0.02593944595475572,0.03152979894152232,1738,1739,8.689811992363791e-67,1.8531552805714132e-07,1.8803056682699422,False,False,True,2,3.8095963694995807,,non-normal|heteroscedastic
2021-06,0.16938592852714252,1.1606596727193936e-12,79.06043210907701,0.07819223225737137,0.006380814740966412,0.030524963747217453,0.03427030058799634,1739,1739,6.464545615824133e-64,1.3266791512434387e-13,2.006271925822878,False,False,True,2,3.9914831304200997,,non-normal|heteroscedastic
2021-07,-0.24497777277986763,3.506735674703283e-25,244.205309454865,0.038220777556365104,-1.601162628997991,0.033172128257406855,0.0491169390062228,1739,1739,1.9174637513413278e-49,2.385899190308139e-21,1.9767069619288864,False,False,True,2,3.8892462595865105,,non-normal|heteroscedastic
2021-08,0.05070939341761876,0.03447356814313434,79.06043210907701,0.07196809474481358,-0.6481787684193718,0.01752373572420832,0.029993535106111437,1739,1739,0.0,0.10868853829024544,2.0552330474294944,False,True,True,1,4.2306843397305665,,non-normal
2021-09,-0.021458475121869266,0.36557015418431266,1000.0,0.0040325670013768855,-0.11467058964725818,0.018124601977997902,0.01820298972666691,1739,1780,0.0,0.0026874359182831146,1.9767624178434846,False,False,True,2,3.977727550713475,,non-normal|heteroscedastic
2021-10,0.043932625305460674,0.05333231651685578,1000.0,0.01924504801069382,0.007558331957954412,0.01601609702565902,0.024737007977326145,1780,1935,0.0,5.04218451659351e-10,1.927974064259031,False,False,True,2,3.6546272755560043,,non-normal|heteroscedastic
2021-11,0.2475807995295122,2.044205481118537e-28,138.9495494373136,0.0209284063266445,-0.4384838600067211,0.024403753492991336,0.051953324517516566,1935,1935,0.0,3.0591643913629487e-15,2.0252057833022943,False,False,True,2,4.248502996293703,,non-normal|heteroscedastic
2021-12,0.23924409563722696,1.3677985262630174e-26,104.81131341546852,0.09865889265095396,-0.19503213874798164,0.032553487983427165,0.0324270679167508,1935,1935,1.129261686883944e-123,8.154611271362524e-18,1.991536353000419,False,False,True,2,4.182581512353764,,non-normal|heteroscedastic
2022-01,-0.20589478577416398,1.0347431989849962e-19,429.1934260128778,0.039194344014688576,-1.5615609031145818,0.026071357623968016,0.042000837448706745,1935,1908,8.602846120638417e-171,2.6766297031083775e-17,1.9032249038424043,False,False,True,2,3.8678467116190838,,non-normal|heteroscedastic
2022-02,-0.029244663726116935,0.20165092170355697,323.745754281764,0.04566669710472715,-0.9338278393864659,0.01564780204056652,0.036462907978303975,1908,1908,0.0,0.0004379700409270652,1.9191628198703072,False,False,True,2,4.266089671295645,,non-normal|heteroscedastic
2022-03,-0.12888108320608635,1.2424553004518216e-08,568.9866029018293,0.030510024710082684,-0.17614478253909982,0.018280026295463752,0.0244845253931953,1908,1938,6.632441226364129e-183,1.1522438131736197e-08,1.9391126272388126,False,False,True,2,3.7739591333438867,,non-normal|heteroscedastic
2022-04,-0.06137518976604434,0.007097927706357345,323.745754281764,0.03735920667137016,-2.4342532016815017,0.020039882248082796,0.03858071847135001,1938,1923,9.242979231762927e-246,1.2781580367918288e-08,1.9218586591196622,False,False,True,2,3.495041655701985,,non-normal|heteroscedastic
2022-05,0.046780295943742334,0.040299516865937815,429.1934260128778,0.026115854729076404,-0.19848834339625765,0.010940704667323895,0.01302237597839008,1923,1922,0.0,0.017395290644198372,1.9975005569357471,False,False,True,2,3.5960472561467687,,non-normal|heteroscedastic
2022-06,-0.009278900975669696,0.6843481616189362,1000.0,0.006695084629707471,-1.2327830931685546,0.010792921049594315,0.03236280951172304,1922,1922,0.0,1.176063467819656e-06,1.9717102974498641,False,False,True,2,3.402610813590103,,non-normal|heteroscedastic
2022-07,-0.0027669092140789713,0.903513350581904,1000.0,0.008048978334559087,-0.005858883232650713,0.014377716338563428,0.025396793375660035,1922,1922,3.6188422250546506e-287,2.0114702995316168e-10,2.0623445165430825,False,False,True,2,3.1945219731236802,,non-normal|heteroscedastic
2022-08,0.012978927498697144,0.5695882465015558,1000.0,0.009707828921413642,-0.36411563637295874,0.025003751589475695,0.022786073583660714,1922,1922,3.112858071890535e-200,2.2219257414468947e-12,1.9936669434751089,False,False,True,2,3.1315674133866005,,non-normal|heteroscedastic
2022-09,0.0069649764445879805,0.7511810467041468,1000.0,0.009755272396462344,-0.021059394642240603,0.016540965169933124,0.012896286572479952,1922,2075,0.0,1.4993597483908292e-07,1.8989122283584718,False,False,True,2,3.2386097253924895,,non-normal|heteroscedastic
2022-10,-0.016084041469840278,0.4595115000452779,1000.0,0.004980560872492101,-0.004018320528901054,0.012567394119783519,0.018335841675026745,2075,2117,0.0,5.4119475167120016e-08,1.9887530547162242,False,False,True,2,3.1968518255145617,,non-normal|heteroscedastic
2022-11,0.08481313587393531,9.414193531055488e-05,754.3120063354608,0.007917029047960988,-0.03842699939382532,0.018117872863399727,0.015286770984568682,2117,2115,0.0,6.273104808856336e-05,2.015653062460159,False,False,True,2,3.3846176870227014,,non-normal|heteroscedastic
2022-12,-0.009810877905736955,0.6521112819566117,568.9866029018293,0.015538292795839626,-0.009331975081961597,0.014492343390428404,0.015352622388234169,2115,2114,0.0,7.843011919579336e-06,2.022288635402992,False,False,True,2,3.544601136854062,,non-normal|heteroscedastic
2023-01,-0.07699414138654045,0.00037090558784606,1000.0,0.009065948420587278,-0.21594461659731845,0.01507277752129699,0.017435472354621284,2114,2134,0.0,4.968453560971689e-05,2.0255183491419775,False,False,True,2,3.3159815433929722,,non-normal|heteroscedastic
2023-02,0.2872606429235778,8.047016183479428e-42,754.3120063354608,0.017378490809399016,-0.024185881785572017,0.0140898441628799,0.014399532098657158,2134,2134,0.0,1.2558755106779255e-05,2.05927854856177,False,False,True,2,3.413346044861804,,non-normal|heteroscedastic
2023-03,-0.12168533793792703,1.5965817085778166e-08,323.745754281764,0.062325812370143674,-1.4889629255028134,0.013183221720766938,0.04037988160322407,2134,2143,0.0,9.9766676595064e-05,2.004657845965908,False,False,True,2,3.5072189797796955,,non-normal|heteroscedastic
2023-04,-0.13816550097926816,1.674913339108172e-10,244.205309454865,0.039349495217718244,-0.3475609735642131,0.015585187407863672,0.023905882167913277,2143,2120,1.2821448730982622e-296,0.0005312297747120596,2.0456648891425666,False,False,True,2,3.3074941843399284,,non-normal|heteroscedastic
2023-05,-0.005634124851192065,0.795431824743077,568.9866029018293,0.016811039153117435,-0.04188753054473038,0.017441881968896806,0.018353342919888868,2120,2120,0.0,0.00031310955034884874,1.9337968505807663,False,False,True,2,3.4510157548052907,,non-normal|heteroscedastic
2023-06,0.08589590411689721,7.526518758872856e-05,1000.0,0.009694681075838818,-0.008118689029055215,0.017444697801597055,0.018156751058690006,2120,2119,0.0,3.6232294699911036e-13,1.992455645329075,False,False,True,2,3.347889787737585,,non-normal|heteroscedastic
2023-07,0.016736113104437518,0.4414042038021836,568.9866029018293,0.018733275860040144,-0.010748872140464938,0.017673132961700297,0.02116925602669646,2119,2118,2.7340648521155645e-245,4.262273803667138e-06,2.0804097472402887,False,False,True,2,3.540939557877069,,non-normal|heteroscedastic
2023-08,0.09866829420179105,5.382217149772935e-06,568.9866029018293,0.02026794811803534,-0.09150702252615028,0.020519635703306213,0.01566756294923121,2118,2118,3.5072765186945855e-197,8.383805074378166e-09,1.9219547892251192,False,False,True,2,3.485403839808422,,non-normal|heteroscedastic
2023-09,0.07871532623406574,0.00018039592306485588,568.9866029018293,0.020379076416272013,-0.024629543140059607,0.014061542591920762,0.01582802609015727,2118,2259,0.0,6.995723094632001e-08,2.0419941961700663,False,False,True,2,3.530870418799569,,non-normal|heteroscedastic
2023-10,0.009429474050869456,0.6508542955580887,184.20699693267164,0.037472800186505784,-0.22276491347836203,0.014868696430951435,0.02606628566885288,2259,2306,0.0,1.0360925441173059e-11,1.9348633237398367,False,False,True,2,3.6378254023002325,,non-normal|heteroscedastic
2023-11,0.053430999469139755,0.010313758114789538,1000.0,0.006190462196891677,-0.008031034596555298,0.02118553045418643,0.018572040313905365,2306,2304,7.798906781852102e-245,3.8302049031066975e-13,2.0261806749457363,False,False,True,2,3.8701802235912455,,non-normal|heteroscedastic
2023-12,0.06560830592726728,0.0016315861488879495,568.9866029018293,0.014164312580169813,-0.05357597405236603,0.01816311155238936,0.029254041419499454,2304,2303,0.0,0.00041487077841067784,2.0109540717576095,False,False,True,2,4.064964573558387,,non-normal|heteroscedastic
2024-01,-0.07295861945813152,0.0005664170737324286,244.205309454865,0.0484026118168448,-0.5798512781587593,0.026422460358054716,0.03683507896604216,2303,2229,5.37882490579638e-169,2.461372712911638e-10,1.9737688358726542,False,False,True,2,4.123456260854424,,non-normal|heteroscedastic
2024-02,0.2753708164435442,4.476634471120095e-40,429.1934260128778,0.01622715168488409,-0.4318705586301341,0.02293719102127664,0.018328470712013777,2229,2229,0.0,1.2998743786012618e-08,2.0444024318684058,False,False,True,2,4.190164663894612,,non-normal|heteroscedastic
2024-03,-0.080509150542011,0.0001412773981479561,104.81131341546852,0.09130207554567216,-2.209982525129517,0.011631668235683736,0.0634435994396356,2229,2230,0.0,0.04203407215751344,1.9417121927817769,False,False,True,2,4.769961289831598,,non-normal|heteroscedastic
2024-04,-0.16434675955927416,5.651739453206893e-15,244.205309454865,0.04063481995044971,-1.7672077970025555,0.01896134316087647,0.042690909963941225,2230,2231,8.404960221600738e-235,3.8537548821490453e-11,1.9968685726137967,False,False,True,2,4.616372762133213,,non-normal|heteroscedastic
2024-05,0.06009904347452179,0.004516135981563029,429.1934260128778,0.04253523048587826,-0.6516785130635079,0.014771222570725995,0.030388479135921843,2231,2231,0.0,0.00010002385081707456,2.020816312143371,False,False,True,2,4.08830577247167,,non-normal|heteroscedastic
2024-06,0.0880520097581308,3.11678029582905e-05,429.1934260128778,0.013908365592783412,0.007582028631723747,0.018142649929319854,0.020036073136148677,2231,2231,0.0,8.268744074631225e-08,2.006922021654915,False,False,True,2,4.183489537241074,,non-normal|heteroscedastic
2024-07,0.04044131954493257,0.05603656406526277,429.1934260128778,0.022058611804255723,-0.0650192052317844,0.01974380325836071,0.023606995408693415,2231,2233,1.697627152375659e-238,4.3017888677640414e-12,1.9576752487453288,False,False,True,2,4.007919479105481,,non-normal|heteroscedastic
2024-08,-0.03073209315740756,0.14656739950607992,754.3120063354608,0.01270222112653041,-0.022702922557134908,0.021884238348365535,0.01897121953161905,2233,2233,1.9670330441266773e-286,2.045627443512142e-14,1.976372893344148,False,False,True,2,3.9939476531911664,,non-normal|heteroscedastic
2024-09,-0.028484015387983532,0.15981170414177273,1000.0,0.002065975457331115,-0.16326402212099422,0.018511754528220205,0.017373053346543366,2233,2437,0.0,2.086179902533222e-07,2.055432083199442,False,False,True,2,4.0477128993251466,,non-normal|heteroscedastic
2024-10,0.0045736545172174545,0.8194882873697652,568.9866029018293,0.022326691240376673,-0.09043873354242193,0.014601303079590842,0.01758744297020641,2437,2492,0.0,1.541658142979433e-09,2.0011398280520303,False,False,True,2,3.8367140718562136,,non-normal|heteroscedastic
2024-11,0.083601893159615,2.932782895111442e-05,1000.0,0.0043752518674720076,-0.0023091888541399985,0.016058209360027043,0.01811999270937047,2492,2492,0.0,2.2159447198865162e-07,1.9704435423918796,False,False,True,2,4.390698000113318,,non-normal|heteroscedastic
2024-12,-0.08123202132436068,4.912040944931406e-05,568.9866029018293,0.013062781015531377,-0.8187170243914221,0.017842094446973475,0.02072798352089227,2492,2492,0.0,3.2332586792386716e-09,1.979246519957807,False,False,True,2,4.187851382355415,,non-normal|heteroscedastic
