Month,alpha,intercept,coef_lag_ret,coef_Momentum,coef_BM_sep,coef_OpProf,coef_Inv,coef_mktcap
2001-10,323.745754281764,1.0939416571494274,-0.0016918784420574225,-0.011567294160537327,0.002281910682001754,-0.0071961214924302465,0.019254156442249093,-0.0037834139059460922
2001-11,44.98432668969444,1.1961114336434404,-0.017455236238436336,-0.06683303204143325,0.02133031576014758,0.01503661444869641,0.05302159457254313,-0.0050889137127860746
2001-12,244.205309454865,0.9582138371190752,-0.0039828568986622105,0.004766288041622414,-0.011834969910642146,0.014415133091057354,0.01804354779896016,0.002905202518804633
2002-01,323.745754281764,1.0017279621137016,-0.01196836871798709,0.010169208893569448,-0.003262321231381086,0.008776407645439688,0.0018020992660595413,0.001614699272975315
2002-02,244.205309454865,1.042638369671695,-0.008920166289255212,0.003412045035361185,0.0021460563223078383,0.011227219883557505,-0.01937000978169627,0.010434766631412774
2002-03,323.745754281764,1.041593009789776,0.0040126447809558955,-0.003132627704777944,-0.01657063861840482,0.002305054896238834,0.010534288899151492,-0.004525377919347915
2002-04,244.205309454865,1.1456539282482006,0.005995573661686431,0.005860167713607319,0.027280916336116096,0.008024753904139158,-0.008642102512255919,-0.015648997940677613
2002-05,79.06043210907701,1.0048885988181215,-0.030796812056999107,-0.0068314517636292905,0.03968837009945932,0.0034937754534199905,-0.020798104827054742,-0.001945486965086359
2002-06,8.286427728546842,1.2205742616238875,0.021629478520662396,-0.04187457600542691,0.0974848485916692,0.029607036073010937,-0.036807585848009125,-0.014075143024416058
2002-07,59.636233165946365,0.8695912364426908,-0.004498689817836881,-0.007503349610344877,-0.039598681819595714,0.008982514529169853,-0.014919477416338795,0.003194956948902354
2002-08,138.9495494373136,0.9953515301768603,-0.01541474945398806,0.011768023639404797,-0.012719178846547411,0.006148376073905074,0.009155570015351647,0.005434526851318769
2002-09,568.9866029018293,0.933314707049054,0.008786578578700736,0.0035503100110701284,-0.003990409272202846,0.006811360630413351,-0.0012965553633794778,-0.000564571504873697
2002-10,79.06043210907701,0.9709163556770374,-0.0037353006615914682,0.011630415481320136,0.002617624369741271,0.0063777868955635815,-0.019723578237018428,0.005219417126892093
2002-11,138.9495494373136,1.108822528218706,-0.02391650617560786,0.00457428898553023,0.02994252338526061,-0.013870041649155146,0.018445502797101977,-0.002931197953995086
2002-12,138.9495494373136,1.017401208516452,0.0026610871782089605,0.02105146157419457,-0.016886679565773884,0.003154882652097854,7.141722115067747e-05,0.0009057137095447601
2003-01,138.9495494373136,0.9431658785272632,-0.02187742678034774,0.01414769201210574,-0.005352427700209402,0.00499675645019528,-0.017340810570413468,0.0033229995184168924
2003-02,568.9866029018293,0.98686600757599,0.0055528115040757,0.0006390473250707841,-0.0059502145147203415,0.006268115069976985,0.0010752013378819776,0.002748420061204406
2003-03,104.81131341546852,0.8694186248610264,0.02492945985163085,0.0022364711944635168,-0.012304205556323921,0.004325201815930078,-0.002759677277589889,0.004885387214091719
2003-04,323.745754281764,1.0806001537358776,-0.015580657627221318,0.006348257639704409,0.001165941764832107,0.007558899833660365,0.0029256181849474554,-0.008461269958784393
2003-05,79.06043210907701,1.2138306039087048,-0.03342862134391544,0.02479492940335165,0.029073532980992935,0.018356656662352137,-0.02709512301025337,-0.0031189755984485446
2003-06,244.205309454865,1.1910201731203265,0.0037036952127401396,-0.014784616411919797,0.022200895962416256,0.0033518998595419244,0.008741914140268443,-0.007750445746803504
2003-07,568.9866029018293,1.0824311372945252,0.006478343392536687,0.010901382828877402,0.0033929026932674722,0.004820796688438714,-0.002823356249940951,-0.00416573946544334
2003-08,79.06043210907701,1.1373270995415337,0.017027917187293434,-0.006961836643141115,0.02780123163866918,0.010133087128102156,-0.0024971314840508225,0.012742033948261611
2003-09,44.98432668969444,0.9583658657419426,-0.012181573313704747,0.054750925552079784,-0.05425102561268073,0.013996191244815376,0.007435334629175475,0.004629319593952502
2003-10,244.205309454865,1.0175417328599574,-0.018786634690082626,0.01836371347042163,-0.01899833663081524,0.007059900406013818,0.004351148165477297,0.0036693389957874164
2003-11,244.205309454865,1.2148164714452512,-0.016545642289011165,-0.006689836038928238,0.01978536968659933,0.002454691834531799,-0.018687391092415923,-0.016745828313462274
2003-12,33.9322177189533,1.290708460073039,-0.04586647145971293,0.006353561818812732,0.0601256887359101,-0.005927013317007555,0.010767828070693116,-0.008532988489683466
2004-01,323.745754281764,0.8411081046027462,-0.007604187225662957,0.017838841218880297,-0.012940723014384594,0.004051544030307921,0.010701640921261302,0.011788069458327647
2004-02,244.205309454865,0.9316262949955848,-0.005792394071899373,0.004259608183366941,-0.016380827463607334,0.006699524098540373,0.007771079761646201,0.006181430666468288
2004-03,138.9495494373136,0.949209852731219,0.005733786114128198,0.009982958448035106,-0.0060342686333325225,0.00906929777507554,0.000919180879588017,0.0068268670758828125
2004-04,1000.0,1.108318312062027,0.00444920506825092,0.0008056334201669681,0.0033777575713906534,0.002504195311576161,-0.004224834197146428,-0.007274302467897903
2004-05,104.81131341546852,0.8792264789795516,-0.0029358757168605914,-0.02646391670909587,-6.450638008629441e-05,0.0018430287801627554,-9.53870077626587e-05,-0.008198651706046205
2004-06,754.3120063354608,1.0006232256575363,-0.002042466544855112,-0.000148411317157038,-0.005567724172000656,0.003979269500526002,-0.00043661925126239903,0.0012981743864884081
2004-07,323.745754281764,1.1180332878936596,-0.01322658239259502,0.004873893898832156,-0.0022017330311001056,0.011461644613432794,-0.008111090533785132,-0.005157276769434613
2004-08,323.745754281764,1.1449721060240872,-0.001764638441839687,-0.002113097554697223,0.01766163832374942,0.01756439093917287,-0.004076477765219396,-0.014680291852383188
2004-09,138.9495494373136,1.1558047064851042,0.006487760612476992,-0.021161813430200804,0.035367891533779505,0.001183612168299428,-0.00908967312659008,-0.00745226405391532
2004-10,138.9495494373136,1.0391050545677898,-0.0014480999754644184,0.024699388023513933,0.0059296854718538725,0.006833578652565205,0.005483441934907144,-0.0017352458143566503
2004-11,44.98432668969444,1.1949856949440116,-0.0023126661739985717,0.010057944008954892,0.06141788153338261,0.009853919969071406,-0.006214357542701049,-0.01140139572659262
2004-12,104.81131341546852,1.1512070316622705,-0.024931596456969865,0.010626172869171347,0.02850685940787923,0.0009245691271742348,-0.01182423404317573,-0.007395799518732216
2005-01,429.1934260128778,0.9724034131934295,0.007065630531617207,0.012090089884382297,-0.0023479235113536257,0.0038745070910545013,0.0013085700746346457,0.0022350237494744847
2005-02,568.9866029018293,1.07473080186938,0.003611581254694333,0.006495686448948785,0.005472849402395623,0.0027706285081132184,-0.0029299566825260292,-0.005840510518942913
2005-03,244.205309454865,0.9879119727154266,0.004902241197987364,0.007062827547420397,0.0011098789514734691,0.015570655126672599,0.00890610334780825,-0.005294815818339842
2005-04,568.9866029018293,1.0401519450795451,0.004618594700229484,0.005913109742024633,-0.002787957407276197,0.007742816121713547,0.0004300519919320343,-0.008078805464536912
2005-05,79.06043210907701,1.1757270886932087,-0.010953671533465836,0.009078924292928272,0.03746110160545117,0.004650552643054624,-0.016637247883101995,-0.01553165086906046
2005-06,429.1934260128778,1.0368810274921585,0.009674954156009687,0.0031897427207892206,0.012930696526039436,-0.006581196901524171,-0.0005439373100840465,0.0021923926203303488
2005-07,323.745754281764,1.1304178284000783,-0.004821981947687686,0.00958738784500749,0.007744295021124202,0.0022168330070999258,-0.011655484571140092,-0.007624717595451978
2005-08,79.06043210907701,1.203283429434562,0.0024249166717969263,0.007814670388489509,0.046765916156957764,-0.005324043470858904,0.0018893758369001566,-0.021551262397765794
2005-09,104.81131341546852,0.94451949348762,-0.0044557816968193035,-0.001354045210113902,-0.04010591064023956,0.02028658689981501,0.006702811476138636,0.01996712531759936
2005-10,79.06043210907701,0.8546371164954549,-0.01248240177086322,-0.0026675885944373915,-0.019035177690220065,0.0010251284328393541,0.00393320418597534,0.007351432186062086
2005-11,104.81131341546852,1.1167396440096813,-0.008012395074226861,0.014436573092786899,-0.021864305339646565,-0.0018219683636918702,-0.01144052621144974,0.0029533569571339336
2005-12,184.20699693267164,1.037612412021837,0.020544295405020476,0.02050668976876385,-0.012253249646361377,0.006667141471894091,0.004383323077279951,0.001571844092745035
2006-01,244.205309454865,1.0551827955320672,0.008013867346844268,0.017918228997418073,0.0031247381155253507,-0.0040498054890814985,-0.0032196170930583736,0.004996919072520878
2006-02,568.9866029018293,0.9669708263505904,0.0052343144712995796,0.0030346746426350123,-0.009705017323310052,0.005136318200004396,0.0005483697674806255,0.008812261084106718
2006-03,138.9495494373136,1.0375530487629312,0.00397779390946766,0.03185989978462704,-0.0272477700999014,0.010418945125396557,0.00370376437036759,0.012068319499031957
2006-04,429.1934260128778,1.1140748732698464,0.004322485692778333,0.0151948967520991,0.006239494694575906,0.0004899719381278917,-0.004691759050323792,-0.006455905504639984
2006-05,244.205309454865,0.8909893422825093,-0.016135437639264057,-0.010218928966474096,0.01214000260167405,-0.0038166424740190214,0.0017430777803383163,-0.004155594523853946
2006-06,244.205309454865,0.8585951738618681,-0.01085281379360533,-0.004123899388573059,-0.0014394934787476366,0.001839950275392267,0.0008170245838370689,0.01990151236212642
2006-07,568.9866029018293,0.9592138463130252,-0.0037587965507545587,0.0016060894038675338,-0.003300533358211707,0.007122909467977123,-0.0029577696347654107,0.0033291871368995207
2006-08,184.20699693267164,1.1333489857375167,-0.017740158667539016,-0.003896267122807187,0.0037722978993356714,0.0036327498949200246,-0.001288506231126604,-0.0027503297742817933
2006-09,184.20699693267164,1.048618793015045,0.0025287283712122233,0.01816176925947185,-0.008521876787146797,0.008726851140710366,0.0036474657291805015,-0.0035428640093165386
2006-10,1000.0,1.054523411384352,0.002805173237410384,0.008747560190923414,0.0010766562197571875,-0.0016503226849614494,0.00396321717589651,-0.002282365058002416
2006-11,59.636233165946365,1.0318724132253336,0.0010246763374662628,0.026002989118353154,0.012916945177920722,-0.010746772237172216,0.006626116788970636,0.00012384878645572506
2006-12,1000.0,1.0475240536688757,0.0027066773847796047,-0.00437313128112265,0.008728707175040058,-0.005233224919490979,-0.002614716347918506,-0.0032305358447859978
2007-01,79.06043210907701,1.104563959115849,0.006927429241431233,-0.007230461069453816,0.04714924431468106,-0.0026116698809309303,-0.0019531282402494754,-0.0064786431486567875
2007-02,244.205309454865,0.8964946300980858,0.003861897130051755,-0.012530477359347937,-0.00767749990186842,0.0034007596657065022,-0.0043179583704834,0.004198292025643291
2007-03,184.20699693267164,0.9354695404094598,-0.010896718357179409,0.006825259946982648,-0.010931788950048529,-8.773314973754098e-05,0.002539104115869828,0.010830992085182414
2007-04,1000.0,1.0655488208945947,-0.0027043304618548157,0.0012249592677846888,0.0035511775567304876,0.0038195620783525778,0.003450357791787442,0.0003322289007961088
2007-05,1000.0,1.0391556755260085,0.0051761658265364425,0.0028580660616295732,-0.000764035237898611,0.007547189358913387,0.001674696219545011,0.000644128626881396
2007-06,1000.0,1.0492742396931218,0.004031312788480252,0.006582668190262004,0.0023799685136404645,0.005115192867209207,0.0008150677260805508,-0.00563033931084481
2007-07,568.9866029018293,1.0278352893538885,-0.0006136967755363748,0.006457917168511218,0.002909120508780202,0.006431020176374121,0.0028440232672215056,0.002852794424999062
2007-08,104.81131341546852,1.0216296087275825,0.0032180678660423,0.00032131860299569175,0.029754493348238674,0.001131722755944562,-0.0069230194060063786,-0.0021878157403095325
2007-09,754.3120063354608,1.1076766225449246,0.006108533571192319,0.007597577950515474,3.282161776200892e-05,0.0014846135804142788,-0.002025226584994589,0.0015941274885207417
2007-10,104.81131341546852,1.0174844706752821,0.016335136215512067,0.03601416116879332,-0.032765783623443505,0.007432969150842111,0.002878066899266007,0.02265218991182562
2007-11,244.205309454865,1.0935765947816936,0.0023633311612379568,-0.0015788173977468653,0.017546616025162828,0.0006595800037091251,0.0013404072638082377,-0.015661743418603512
2007-12,10.985411419875572,1.3117371125885444,-0.0529327282635454,0.005456345155995286,0.07146162189641649,-0.002295551438028504,-0.0070192415675857656,-0.01859024668875749
2008-01,244.205309454865,0.754364931445776,-0.0032022062522739105,0.008397496854965904,-0.014237566421670136,-0.0014885957600076095,0.004523001625966024,0.0068558867621481235
2008-02,429.1934260128778,0.9550950538335414,-0.007996229765011638,-0.006854469075060415,-0.007236886181943689,0.0012172984875119927,0.002986030668610317,0.007485167703819448
2008-03,104.81131341546852,0.8345483966732663,0.018757921095420717,-0.013647697608565282,0.0027325451750474803,0.006572366576710818,-0.006737303414149754,0.00883554238633756
2008-04,244.205309454865,1.1369755102351708,-0.008994438643872412,0.018125104000034923,0.0033221926556978487,-0.003231709336620619,0.0038085380421457463,-0.00874056969329231
2008-05,323.745754281764,0.9454009819718054,0.013981817520310209,0.005155257155346639,0.002433504274382567,0.003174334937277112,-0.005662171737449692,0.00022129864433441098
2008-06,323.745754281764,0.8318450685230427,-0.008342527719569842,-0.007050365662170634,0.006620469863161928,0.0025138222937560466,-0.008215047620201043,-0.0026444975155807495
2008-07,323.745754281764,1.0529712298065006,-0.00814545450263317,0.013397830814842231,0.012378431271923566,0.009097433718811984,-0.007321622913938136,0.00510966776820626
2008-08,1000.0,1.0150998813733756,0.004987808613035633,-0.0028522935606365178,-0.001205599595160473,-0.0005311676921186934,-0.001543249509653235,-0.001081078256853315
2008-09,244.205309454865,0.8315542125106927,-0.003914888945303483,0.009035906008958655,0.005730703508831717,0.001626479640197999,-0.012577116797344214,0.007372149192396866
2008-10,323.745754281764,0.7354566576681744,-0.0013499132158171507,0.003304062395335024,0.002537380239023934,0.0004979041912687906,-0.011138584562206224,0.00015220061032348862
2008-11,568.9866029018293,0.9021397175938284,0.009337331357627229,0.009713547323264921,0.007470774180378739,0.0006956847537568568,-0.0061194562966506265,0.005432172951600478
2008-12,323.745754281764,1.125549639570551,-0.025009069958613243,-0.019285091170469518,-0.00636076515415953,-0.006571108840515228,0.007298812268199195,-0.0018015984901300177
2009-01,323.745754281764,0.9175715653405258,0.001555359964898004,0.01763273309671261,0.002543799018137054,-2.2838153013998452e-05,-0.011304671487085395,0.0030236866621940204
2009-02,568.9866029018293,0.9490484552524311,-0.0018330097738914243,0.008134052004054869,0.005046682847862574,0.006256222761290896,-0.005759670961550489,0.0020395751954665185
2009-03,568.9866029018293,1.0271327030896769,-0.007395685228656933,-0.008584260157854885,-0.009914554448469549,0.0027037883402891948,0.0030609542442796758,0.0070543266410316
2009-04,184.20699693267164,1.2146882327310875,-0.016491171523800068,-0.040697689758072544,0.004590675795981354,0.0077539516488647625,0.008936643442243875,-0.006374589962369483
2009-05,104.81131341546852,1.4244288677750823,0.0092094906479986,-0.08349488261095092,0.011739911692298814,-0.005528711706408801,0.008192976007798834,-0.008585714645548765
2009-06,184.20699693267164,0.9557612451230277,0.0030708921599172947,0.012645773915797716,-0.015159918008622502,0.013561951013563252,0.0025946544630941477,0.0030829488855845105
2009-07,184.20699693267164,1.066058648873423,0.0007430212629011635,0.012361624183817463,-0.01318630361644263,0.02041763328196895,-0.0024689799100484,0.003944865609626279
2009-08,323.745754281764,1.134133991228769,-0.012491330807394112,-0.006853999747129494,0.009399728798842641,0.008490000494337563,-0.0002143899383914512,-0.015707714341573458
2009-09,1000.0,1.0871798123247571,0.003794214505968092,-0.0014586813107605743,0.0007842579572775331,-0.0020628908547586614,-0.0016448366883001196,-0.0010945485988859357
2009-10,323.745754281764,0.9362753421816498,-0.0005998367390392412,0.01707947808378959,-0.003901773866467782,0.013836720063513564,-0.003923797966633813,-0.0005385631039671109
2009-11,1000.0,1.0697013436022365,0.002688209390114133,0.0039636167355524025,-0.0011946891351798724,0.0034778227921007806,-0.0025090018766839575,-0.0007698984744751591
2009-12,184.20699693267164,1.1173051422881215,-0.013561362188202792,-0.005223440620262334,0.018922752705371432,0.008308736459319978,-0.005792706024673209,-0.00894656728621921
2010-01,1000.0,1.001984290289598,-0.002986567763437015,-0.000166946742411611,0.005511076352463684,-0.0004744848255963379,5.932944764131872e-05,-0.005065312406007577
2010-02,754.3120063354608,0.9767830644887596,-0.0006978991292679412,0.006618081601200904,-0.004901191918935373,0.006762657905278114,-0.00014700581701440705,0.0027620044328599087
2010-03,244.205309454865,1.0425042921538983,-0.008140550495116222,0.012240727407054147,-0.0012091455463530084,0.011581219324937459,0.010412421007201059,0.001996486285768107
2010-04,184.20699693267164,1.1143775171998909,0.0018223348082391409,0.0005493417720996457,0.015109477382118222,0.010244885143527399,-0.005634743903899121,-0.01865780233237688
2010-05,1000.0,0.9362666028578689,0.0013944844484252842,-0.001370665757293326,-0.0014109101704697351,0.006399204537143243,-0.0022450187665256746,0.0027482943325858925
2010-06,1000.0,1.0675475802683518,0.0025191519616528392,0.0021638534552401566,0.00023959851805280887,0.005074886322837393,-0.004458138394119417,-0.0018842246504594624
2010-07,429.1934260128778,1.052076157136427,0.002592097315246704,0.007572423724940214,0.011321664735759266,0.005039307129730089,-0.003283857986720715,-0.0038793495742258065
2010-08,1000.0,1.022576140422708,-0.0005681202905644862,0.005505705555090797,0.004303727919109518,0.004852835472158302,-0.002007953199411588,-0.0014712693082593097
2010-09,1000.0,1.0714513685894986,0.006046744221820039,0.0007789257461675201,-0.00017338962390792422,0.0017384221369023353,0.0008401907189623574,0.001740731962780886
2010-10,1000.0,1.023465612535648,0.005484911969253435,0.003948025991098058,0.005702712330185149,0.0005196423898768659,-0.00457103899101469,-0.002889738541852412
2010-11,1000.0,0.9277915033244621,0.00030704555189049466,0.0017637306820903257,0.00040976198113879913,0.004249634512824574,0.0010746576861520186,0.0027564522815129236
2010-12,138.9495494373136,1.0052586386701148,0.008138288207587165,-0.015030498645546519,-0.004575438706476783,0.003297556644993644,-0.006701538317492164,0.0050868800195050185
2011-01,104.81131341546852,0.8857606115245042,0.019499180169769113,-0.001197237639287853,-0.004143849859972106,0.0034843511179950817,-0.005477177970470855,0.0013924736422807895
2011-02,1000.0,0.9276369211052281,-0.001200839157703379,-0.0010789660722702748,-0.00023226398237154267,0.005417252576308724,0.0003287079973522832,0.0037072929160304542
2011-03,568.9866029018293,1.0273128449636115,-0.004241716641152188,0.004530722123050284,-0.012183214350015044,0.0026044459345951035,0.00041113110257760463,0.007532874776461103
2011-04,184.20699693267164,1.0769902943601313,-0.010035583976669976,0.007154181568119191,0.010015754099015381,0.012989833854413792,-0.005071879148260034,-0.011231263140757796
2011-05,1000.0,0.9516936186060965,0.0017778120146787813,0.005176625080788999,-0.0039231830830308775,0.0078117217210666315,-0.0017616081214129383,0.0034757685194988135
2011-06,1000.0,0.9879028844024385,0.0024019995996435524,0.0026099091589534503,0.0008956197677055687,-0.00013588151534399499,-0.0017666407782323302,0.0025439961904892908
2011-07,244.205309454865,1.026729194893947,0.00460150457478656,0.010699499998852854,-0.005819680905621988,0.006367643302798903,-0.003181320954634557,-0.010232965556236921
2011-08,568.9866029018293,0.8825088389541057,-0.0012715490354447757,0.01155773832034054,-0.004235605894730802,0.002912088479299092,-0.00021903792207223974,0.00585287441758997
2011-09,1000.0,1.0003079974383267,0.006131100487334207,-0.0004890651239348902,0.0035516988409390994,0.0014458931255319502,-0.004202174767603176,-0.0020717918556517794
2011-10,1000.0,1.0227837858160507,0.0011012398569040754,0.002321494337626208,-0.002069322230296381,0.0008707142645034323,-0.0028736216899782514,0.002808179091230848
2011-11,1000.0,0.8867069010628778,0.0003458917083423542,0.007107690935653974,-0.002979143089808142,0.0026243620872935273,-0.0013721565374160834,0.002036228536254231
2011-12,1000.0,0.9196617882662612,0.00038739304931875056,0.005174682543809979,-0.000992313166772441,0.002586496431673985,-0.002463405544552674,0.003070615747274268
2012-01,104.81131341546852,1.1672882845441137,-0.030922118915487767,-0.026638698307682458,0.01510627617095789,-0.0038188081458347903,0.0009221824936428386,-0.0008393158278826451
2012-02,1000.0,1.0378345968622,0.000776735553147804,0.006572580761701961,-0.002454189136335165,0.0034769626904013365,0.0018532105345129626,0.0006271442644569144
2012-03,568.9866029018293,0.9572439879051415,-0.007920456896607149,0.015504489162357752,-0.008541482676470896,0.0048210843979145535,-0.00019691975464599114,0.00228532647364855
2012-04,429.1934260128778,1.025035027049534,-0.007335494041053723,0.008219033490902139,-0.0018433200854159955,0.010339058905916668,-0.0030794636142430945,-0.006728393508272947
2012-05,754.3120063354608,0.942594408361795,-0.002593495365565954,0.010722149801449124,0.003272741659667,0.006788207089921942,-0.005179779614054583,-0.0005514311111851971
2012-06,1000.0,1.0321178889504279,0.00021811810374896444,-0.001505726154843334,-0.002789545092671327,0.0022235515896048942,-0.004751124033828337,0.00302809462137244
2012-07,1000.0,0.996947985122605,0.0035981310058236433,0.00285395672424913,-6.215383703133861e-05,3.3543775957290244e-05,0.00041246649199033834,-0.0011435599501508663
2012-08,244.205309454865,0.9827112368663213,0.0005928994311134141,0.012029528311966823,-0.006969898916023557,0.01202902237785185,-0.006616285335688007,0.0017864949760557642
2012-09,1000.0,1.0877857791137457,-0.0023470938948231316,-0.005649752777833659,0.0003203344023956493,0.001598188034644877,9.813232807540192e-05,-0.0008171941215996981
2012-10,1000.0,1.0042712726526648,0.005738639191939703,0.004998027108964816,0.0014332604927895396,0.003583520298581454,-0.0004656446574161372,-0.0025145297902060756
2012-11,754.3120063354608,1.0303485847110783,0.005994711969295274,0.005629379154761828,-0.003403336297856186,-0.0013098172108854513,0.006757619041855045,0.0009973844966536449
2012-12,1000.0,1.0167398973198656,0.0020821854157775156,-0.0038799623974903785,0.0061850882597490235,-0.0034395663912514304,9.6611105031607e-05,0.0007738036077990559
2013-01,1000.0,0.9751056188895169,0.004337099321103611,0.00022280338132251226,-0.006926702255625994,0.0002270121576394059,0.002110287894944458,0.001974225163047381
2013-02,138.9495494373136,0.89061945805922,0.001802945494070052,-0.0032687454954470696,-0.011200992661989258,0.007663091246596179,-0.0040705242036315585,0.00693937956064871
2013-03,323.745754281764,0.920362912483184,-0.004787502671712554,0.007757392782025569,-0.013632478196309274,0.009365451337485274,0.0031226059114048744,0.008962545217287943
2013-04,1000.0,1.037515891697137,-0.006033419933925934,0.0016270023373869803,0.00283452352707075,0.0030233585067799234,-0.0034872279924184,0.0018418606756853812
2013-05,429.1934260128778,0.982396264510937,0.00661527778122068,0.015753972955270208,-0.0051439157865987685,0.009514279400872,0.0036450264198991237,0.0005802092400539688
2013-06,323.745754281764,0.9294553969817158,-0.00285072936002081,0.014554102502665676,-0.006302492354248699,0.006750251332871251,-0.0014878724327856477,0.0026641711064809125
2013-07,429.1934260128778,0.9441412936659486,0.0023876601000695284,0.008988433091004912,0.0017992764768799765,0.01273988728612693,-0.00489415990227454,0.007067846715278775
2013-08,1000.0,0.9794515951539214,0.0004979414192502542,0.0015184156054072189,-0.002670343985517395,0.005382256669950859,-0.0006420156949512023,-0.001665042560514959
2013-09,568.9866029018293,1.0653230788863877,-0.009409960441923975,-0.004792977063215423,0.011345592717008841,-0.001884462902373701,0.0013090757143787038,0.0028822166370219447
2013-10,1000.0,1.0745586620217744,-0.0005339424407141547,-0.0018907578553709,-0.0022401777252530927,0.0015475621212308586,-0.006848050070141461,-0.0007291017466953981
2013-11,1000.0,1.0437834010628155,-0.00395403758312172,0.0008567872923395693,0.0036341273472291096,0.004573314744165212,-0.004188086442391137,-0.0059520360494895175
2013-12,1000.0,1.0755525914474524,0.003637357109222132,-0.003912284005999795,0.0012948234639045006,0.0008884205863294583,-0.0007973538119886064,-0.004795190868804511
2014-01,1000.0,0.9589771149426629,0.0003442653972712135,0.006600604800775632,0.0014600769686799484,0.001372594881958298,-0.00038545225722621233,7.503871859731094e-05
2014-02,429.1934260128778,1.0133243795486153,0.005319741042533353,0.012413153081074048,-0.00998971120697867,0.011860087420715627,-5.6218090058223936e-05,-0.0007991610386435929
2014-03,429.1934260128778,1.0808496331058977,-0.013426610186396543,-0.006250363521568127,-0.0036015507112480845,0.013007106803667987,0.004234154298769266,0.00020340310429502818
2014-04,184.20699693267164,1.0888616799051007,-0.012318937345229233,0.0010076382988646578,0.024312413750839576,0.005329864349657093,-0.010126681870613321,-0.015301275100374004
2014-05,138.9495494373136,1.1917223913309094,0.02944527544613929,-0.024320768249177577,0.0286664125600919,-0.005359264133564424,-0.0058712935853318165,-0.008563853913216415
2014-06,138.9495494373136,1.1633291062456974,0.01065424811903844,0.004781473076787725,0.016046674710625115,0.01599388761773497,-0.012237395671347745,-0.01756667097370923
2014-07,59.636233165946365,0.9856019681260801,-0.021843844197374156,0.025398179660067525,-0.02468617136859623,0.02287244775811839,0.0070957253942766215,-0.001965017374119213
2014-08,104.81131341546852,1.036783097913289,0.003589962751506779,0.013741385272163831,-0.02140988211185876,0.025553471352603774,0.002360859369343598,-0.005498404060849354
2014-09,138.9495494373136,1.0791808908467233,0.018399830111791294,0.0016712325308761758,0.008510071922219552,0.025852103480157887,-0.004246731511003461,-0.016023627204370117
2014-10,323.745754281764,1.0216561415624847,0.010530235094610919,0.010147382056335726,-0.004645158720888459,-0.0026924929470703964,-0.0034974672996214294,0.0030201897664575276
2014-11,1000.0,1.0376869214110827,0.003812991742748992,0.0044303222141335195,-0.002494996725649667,0.00788142377251163,-0.0035977791254334928,-0.003370999209139811
2014-12,244.205309454865,0.9805322097648624,0.001867247406223658,0.0008417687151295352,-0.014533989875350133,0.004961672682599154,-0.00438377597458372,-0.0007765099124045427
2015-01,1000.0,1.0527822811459424,0.004630553678948787,0.0027318712547017795,0.0005257096441029769,0.00510674835970338,3.2558612206010925e-05,0.001354810904798483
2015-02,1000.0,0.9886887980945875,0.0017072204559709096,-0.0013303555098036256,0.0002548273241604043,-0.001962703852503873,-0.0009843724295838226,0.004252922222748935
2015-03,244.205309454865,0.945181649532258,0.0035984802994650485,0.013586779726145085,-0.021652210778563243,0.003972584159837698,0.005662289095793743,0.006462532730118673
2015-04,323.745754281764,1.048557250983585,-0.007912046323862092,-0.006296367132801724,0.010348865239521462,0.004767857937884174,0.0011279801627174647,-0.016812810298750685
2015-05,1000.0,1.0081546200679232,0.0018869723999194671,0.00722244801988652,-0.004162510919666407,0.005989595891531836,-0.0012142461459686193,0.0031723416051080643
2015-06,568.9866029018293,0.9925357355544084,0.0032508609357515005,0.0009450544832566643,-0.002248144782589753,0.012223252777572231,-0.006087590709719527,-0.00017654576115639658
2015-07,244.205309454865,1.1553178805786408,0.004786923415175147,0.009330987465339816,0.017837455748166222,0.022671621723393386,-0.005442215544802298,-0.024845044869787638
2015-08,1000.0,0.9196015424265328,-0.0031737250238149067,-0.0014865535277899917,-0.002360615229535024,0.004906995695084817,0.00046104154092471396,0.002590696025776185
2015-09,1000.0,1.0068833324585402,0.002886495168161976,0.006176024547124818,0.0006422842154285153,0.00135191999759297,7.361367124746073e-05,-0.0018264195572825022
2015-10,429.1934260128778,1.0753919221392259,0.002502899936584898,0.0007867475961715802,0.0049320446535671865,0.005510455003899294,-0.006717316059260804,-0.010182669806307882
2015-11,184.20699693267164,1.0715219657433657,0.007053830890156632,0.011912753930734179,0.019529992620099433,0.006220261361102023,-0.005741949761369075,-0.015614453857896417
2015-12,244.205309454865,1.0878276882629074,0.003320654382497625,-0.006479662254711364,0.02157225844128664,0.006618326248931914,-0.011938009012278952,-0.014905410135963866
2016-01,429.1934260128778,0.925633569975469,0.004767127735326367,-0.004723813034367839,0.011360977349080346,0.003957482922444237,0.0012224412235866179,0.0032066928134856973
2016-02,104.81131341546852,0.8402482357659972,-0.010033791467903138,-0.021696097360777898,-0.005707109245126351,0.0043693911918976525,-6.353405664981568e-05,0.01677714114391097
2016-03,323.745754281764,1.0985443664026118,-0.014646766022199774,0.015458683405160501,-0.009213396026406133,0.01118011013189965,0.0009314277316079901,0.001143435244997083
2016-04,1000.0,1.0841812562758233,-0.003961880997680841,0.0008199841068893697,0.007495087583454418,0.0030813444072869105,-0.0017803162061619101,-0.00793516428185968
2016-05,1000.0,0.9926871076726776,0.0032345801569737646,0.00197184529492323,-0.005714565943111911,0.007872064668606743,-0.0008097938907431229,0.0039743034824654645
2016-06,244.205309454865,1.0825489483922428,0.01265904321831514,-0.004488312173188925,0.01276870907209101,0.004993527948056371,-0.008576918665591439,-0.0064248740156585705
2016-07,568.9866029018293,1.0532813254770452,0.006842169970964129,-0.0006093561364209523,0.012079312089295743,0.004517820233924009,0.00022647875275567388,0.001628146511287301
2016-08,568.9866029018293,1.0060133655283021,-0.003973811844913441,0.0037921151789039524,-0.009952951862917466,0.006952129967027787,0.002787595259933622,0.0019829807917784723
2016-09,568.9866029018293,1.0252583645260356,0.002682912830606224,0.0002020834706812536,0.003603666343464182,0.008882569602399342,-0.0021024704262201373,-0.0061990966821823005
2016-10,138.9495494373136,1.1358510872235705,0.004957377212992387,0.015883914092083715,0.021948251939896073,0.0026834330382134054,-0.003047745639696619,-0.024884701750194867
2016-11,754.3120063354608,0.9072318539249523,-0.003407742165837836,-0.005771036627227826,-9.871292793750732e-05,0.0034566558345529488,-0.0008659441349106885,0.006933489528372653
2016-12,1000.0,0.9906641439779869,0.0032445494740829034,0.0003342661845799578,0.0008383272359884163,-0.0006632206069624803,-0.0012604828640564347,-0.0014064251712543397
2017-01,568.9866029018293,1.0850015568992595,-0.006206616399910323,0.006755736788017441,0.005337685408067135,0.00048734774991903963,-0.0011189003498453967,-0.0018853367795229857
2017-02,754.3120063354608,1.030261095766279,-0.007000134402399092,0.0013789125014905426,-0.002097669743557679,0.005288096464023818,0.000327352598762896,0.0012933188730834915
2017-03,323.745754281764,1.0351783523635676,0.0012645431689341565,0.006745608913940099,-0.010525542600933057,0.006183375274168319,0.0027714936314882643,-0.0013964158318181127
2017-04,754.3120063354608,1.0768261743403928,0.0025820566032570863,0.001216426793086155,0.007031055153137558,-0.0017939350249320063,-0.0024291693981063865,-0.008050237165910303
2017-05,323.745754281764,0.9592615713117654,0.0038130477962606346,0.004330301246713582,-0.011965936731723262,0.006411556191456737,-0.0012781633257785369,0.007491683269669904
2017-06,429.1934260128778,1.0167136370293512,0.006031974660309127,0.004956339450472519,-0.005716926718721632,0.004657809244556659,0.003008710247452738,-0.0030361012033077468
2017-07,1000.0,1.0575820741369275,2.8907295494103026e-05,-0.00013062101989249494,0.007709328291544999,0.00070517428374772,-0.0013831901130970593,-0.0012435415447111223
2017-08,244.205309454865,0.9694148007611629,0.0033805073077911585,0.018485878969310546,-0.005948315939528664,0.006067265531230571,0.0012112550818361818,0.009596613255711175
2017-09,1000.0,1.0177710623347025,0.0002535660104652117,-0.0007001516122256751,0.004672878198064101,0.00458057183665928,-0.0035254543349868966,-0.003411156366594218
2017-10,323.745754281764,1.1073873318443312,0.0030609115596376534,0.01765522426263532,0.009573993520089715,0.014107970702635628,-0.005093743583251961,-0.006147113775117749
2017-11,1000.0,1.0522623688534454,0.0009874461320243796,0.0008586406783912411,0.002519061775351468,0.0007539530315332976,0.0006202606706095539,-0.009490777836881834
2017-12,323.745754281764,1.0873278004368154,-0.007742411219980055,-0.004528386932195354,0.018815820565725828,0.001392392078379315,-0.001916120775229141,-0.008226038630990818
2018-01,568.9866029018293,0.9784113917961015,0.0001520330785014428,0.007590900376745573,0.007684252975708508,0.003740766770740777,-0.00243055023785923,0.0038959921605979677
2018-02,323.745754281764,0.9515518271422851,-0.0014797804714371573,0.0027630617750648433,-0.009938735522219527,0.014583045700524473,0.0006418231270258153,0.0027805500539221837
2018-03,138.9495494373136,0.8943195146925984,0.003178478751833251,0.006443858005795794,-0.012472688130370712,0.01094734063279767,0.004465382498724343,0.015616413618481656
2018-04,754.3120063354608,1.0900628398992833,0.008432363955811926,0.012269461183796624,-0.0023830621873637,0.003278249295162506,0.0028381740421044594,-0.005685587999482268
2018-05,323.745754281764,0.9173794008657489,0.009728604876721005,0.0025622214958771817,-0.0020602191596305565,0.009665836706218388,-0.0020120363697132345,0.008451980436181453
2018-06,184.20699693267164,0.9086317772534708,0.0010906206613768364,-0.004659093585941943,-0.006745763011513301,0.006575680273802037,-0.001975001423846875,0.01467755986110315
2018-07,429.1934260128778,1.0215029683602035,-0.0004535831022379826,0.008549070256815198,-0.004845729727962536,0.0008520834554178434,-0.0016471991615472528,0.0035411867978797215
2018-08,1000.0,1.0371262320939423,0.0034803217371042337,0.005673231323608049,0.0024523381427511374,0.005531070004393925,-0.003026327858602365,0.0013723159997444338
2018-09,323.745754281764,0.867062873472272,-0.0047569431694653354,0.002426320197161619,0.002621228641897466,0.01006840930491723,0.0005738147460722625,0.00864520634868021
2018-10,568.9866029018293,0.9856275422416493,0.002624922566089731,-0.0008862697713366013,0.0001252159321457995,0.0004094979521571836,-0.0043673731263428935,-0.00589667668815186
2018-11,1000.0,1.0128047190035105,-0.005235974672741051,0.00018329039047752313,0.006108530161967096,0.0004323209743539632,-0.00036864418999141735,0.0030842745387607445
2018-12,323.745754281764,1.0169725959742466,-0.004578775541847723,-0.0058561223632579516,-0.003807476977937089,0.001944480008418555,-0.00032535966867456337,-0.00040735009901579687
2019-01,429.1934260128778,0.9323008500427825,0.0062621729177504,0.00846409145290273,-0.002367471180705291,0.0006103213083967638,-0.0020377391184374155,0.0032196618321736147
2019-02,568.9866029018293,0.958357517975956,-0.006577919967227378,-0.0006381992272644452,-0.003106798719446996,0.0008418450401609091,-0.00046231634361920573,0.009105910549616576
2019-03,1000.0,1.0707347948584856,0.0007705299778728205,-0.0031738315268314736,-0.004028469740810673,0.0020082499856339557,0.003735999895336361,-0.0009056898041579862
2019-04,1000.0,0.9799015730045613,0.001753764236499127,0.0032999516463639925,0.0017317166927026642,0.0005115922264525239,-0.0027588868485368583,0.0028397680706805668
2019-05,754.3120063354608,0.9990788421427644,0.0015809511322023245,0.007147316402629652,-0.007281731413914366,0.0015715034293471192,-0.0001627938181846147,9.862459209918175e-06
2019-06,138.9495494373136,0.9189863602188663,0.0009632378339473416,0.02209046861062744,-0.01575379386843433,0.00018942054611653986,0.0022840187345526545,0.011530130540295886
2019-07,184.20699693267164,0.8683986317751858,0.00040302208274209194,0.013777613815628233,-0.00798362635215381,-0.003149522359605613,-0.005626690618167023,0.013338683711018252
2019-08,1000.0,0.9830241951106018,0.002948001765574538,-0.00011718607255217233,-0.002487036065583084,0.002983938885002375,-0.001109168888570493,0.002243355742553333
2019-09,244.205309454865,1.0613879415511338,-0.019883984590630087,-7.10543117098496e-05,-0.00805630831951213,0.009283593205797476,-0.00016779053499703218,-0.0013108786916073687
2019-10,429.1934260128778,0.9961635985938697,0.0012794334611148039,0.006564746700733694,-0.010638604437114408,-0.0034141355643237206,-0.0010001258343737764,0.008570393288581783
2019-11,429.1934260128778,0.9949105087665526,-0.009916057807615447,0.0024653664465078165,0.013413593384206517,-0.010227059493141144,-0.0039434587672106895,0.0012072367634954713
2019-12,1000.0,1.003207402891314,-0.0004795476231065485,0.00029438263650881326,-0.006274083804796587,0.0013725275470563548,-0.0030634231823774517,-0.0010756096881409927
2020-01,429.1934260128778,1.0581098801867648,-0.005576917347808675,-0.0015088036274085374,0.004676750196636664,0.004894088399780974,-0.0029254170232748296,-0.00841887073555057
2020-02,138.9495494373136,0.8985441184681295,0.0025479419560111515,0.029508441572310827,0.0016953143081417448,0.017689361699925823,-0.0024342472150579507,0.003977738435204812
2020-03,104.81131341546852,0.7402427946969212,-0.010337788880123095,0.007936362624805718,0.009381537546628132,0.003320749895446608,-0.00377637790312858,0.015294090285461756
2020-04,244.205309454865,1.2078545875467932,-0.016954954804032474,-0.02351485189462252,0.0181840719934471,0.0006636448855452119,0.008478586557273593,-0.009067833800328225
2020-05,1000.0,0.9856519157215752,0.0038282447180533097,0.00827729819500926,0.0033953191996557437,0.0016010167314312424,-0.0020128532069541016,0.0020096093761830087
2020-06,104.81131341546852,1.216303838647881,0.009978197058005041,-0.042829393879152806,0.040982742302230604,-0.010161142786440574,-0.0034169117485650328,-0.021829485919983137
2020-07,138.9495494373136,1.003778942449292,-0.015671215380190475,0.026899610842791976,-0.028947063862381904,0.009045660172024206,0.004364312526572141,0.005654970188430326
2020-08,184.20699693267164,1.1450810225184922,-0.0003170532637971988,-0.01606846139882183,0.01575085955385484,0.002613485441712377,-0.0010579484839926675,-0.02340849473206656
2020-09,138.9495494373136,0.9941426910794648,0.023031805822662635,0.0067885456140004095,-0.013875674506067146,0.011755422494471571,0.006038837043639172,-0.0022736719086089963
2020-10,1000.0,1.00151130112424,-0.0035365901833898775,0.0014096704322739458,0.0011223852651712429,0.0014562606578076127,-0.005029329276783799,0.0016646527841324016
2020-11,1000.0,1.1100773689669212,-0.002355562766607303,-0.00790979774131994,0.0033776616845412593,-0.0016184691456665493,-0.0014046783420964305,0.0006045015617479666
2020-12,323.745754281764,1.1436751714126434,-0.00012759919788857805,-0.007260343098482721,0.040976121315664166,-0.002996460743933169,0.0024488605225267044,-0.010653340016431758
2021-01,1000.0,1.0034548780522086,0.0011705060192703795,-0.002115653125522054,0.0013171772594692448,8.228727206816016e-05,0.005314638252588467,-0.0012394211805063522
2021-02,1000.0,1.0781141051339076,-0.0021225528702828317,0.005950107728938058,0.0009189214116389844,0.005858364943359387,-0.004134105902522352,0.0013249409920944991
2021-03,568.9866029018293,0.9936625611826978,0.0006106538725766152,0.005125162693112086,-0.007172124877076727,0.007454821443322339,-0.0003552523669187556,0.007778337145502387
2021-04,79.06043210907701,1.067826560186057,-0.020080362933076173,0.0283943213681883,0.0010179703716968532,0.016214537433147626,-0.006649085558567375,-0.011294342391120132
2021-05,138.9495494373136,1.1551613983122309,-0.015161417669357543,-0.00459143297414228,0.02961225098364546,0.009793133687334598,-0.00394679989752452,-0.01793239648666434
2021-06,79.06043210907701,1.1271840959454476,0.0032133638894750417,-0.005571185225643719,0.03669802900059498,0.017231059692699405,-0.004757948961073236,-0.024887167511199522
2021-07,244.205309454865,1.1110677797857265,0.006235556283445657,0.008550237394460217,0.011824543178862399,0.014235964920276461,-0.0016320825954301691,-0.02198925786845968
2021-08,79.06043210907701,0.9472827548172803,-0.013349249541734201,0.007044429423714822,-0.01617502093056267,0.0014016618815335315,0.0006360801861553003,0.02288856627243255
2021-09,1000.0,1.0501100396633152,-0.002393253992956148,-0.0016820309910179087,0.0028787120824601215,0.00013008215901717004,0.003747347731998171,-0.00226256415130887
2021-10,1000.0,1.0096391021440474,0.005053665045146022,0.006739457556716544,0.007099529440424798,0.0012887689903337475,-0.0013087823787237681,-0.0029562234646504093
2021-11,138.9495494373136,1.0028316053100506,0.0013525512807705349,0.01289437934951885,0.018130916641243958,-0.0011315644702323904,0.0030150987264469602,-0.0024338363435266862
2021-12,104.81131341546852,1.1332919984384247,9.330301246884295e-05,0.008771602400658409,0.04862660706265218,0.004336384259243371,-3.6189144695553894e-05,-0.022544884113090517
2022-01,429.1934260128778,1.0575690697299969,-0.0025537416462093456,0.005178117196960327,0.014827961571481921,-0.003555333206276561,-0.007749181835856424,-0.01709932042740255
2022-02,323.745754281764,0.9013667892277457,-0.011475085106311905,-0.008442329380327844,-0.004166305609499295,0.005551956145241494,0.0024302452187040828,0.012361980800418617
2022-03,568.9866029018293,1.0356156519114477,0.00591244149604216,0.012147924182406402,-0.004235061042636118,0.009318234653398916,-0.0021265121025406887,0.003317670436697265
2022-04,323.745754281764,1.081879026063093,-0.010846722199973477,-0.0016054254053329852,0.009335339001243344,0.0036207463597192646,-0.002573048569451665,-0.016450701343445215
2022-05,429.1934260128778,0.908295930555548,-0.005375942130659915,-0.00545994924667328,-0.0045300628395731355,0.0008041063597801004,0.0023253041222009445,0.009032035468275053
2022-06,1000.0,0.9506664386558108,0.0037995632360186622,-0.004262507799864206,-0.0019358200512470652,0.0006549004473034559,-0.00011959842158573384,-0.001712351884910735
2022-07,1000.0,1.0809045394835493,0.0001817504420068594,0.0038303319619731697,-0.000289972596037096,-0.00032677339966931184,-0.0008030239989083402,0.006526336940870645
2022-08,1000.0,1.0828704839564545,-0.0008224368208459629,0.0033257120809668844,0.006964663731140945,0.002597809091206708,-0.004561719087978439,-0.004898748624728042
2022-09,1000.0,1.004186275244422,0.004970205391904594,0.0007010444641010248,0.0027171296702092145,0.0030099733523559677,-0.00038121108491524357,-0.006247975356461166
2022-10,1000.0,1.0200103299057928,0.0014978762201675578,0.0033365195682484167,0.0031539307637077226,0.000247884019618409,-0.001836300518911295,0.0006851478683916517
2022-11,754.3120063354608,1.0244831975289523,0.0001512036546541839,-0.006583827426132615,0.003019508567115147,-0.0034025836421575817,-0.0035627009017110867,0.0006809407875729993
2022-12,568.9866029018293,0.9988925390476839,0.002425930463331352,-0.0036573247927322266,0.0076209604984491626,-0.0006825502931184148,-0.0032400040954897588,-0.006535866925948828
2023-01,1000.0,0.9901898389654272,0.004947472734291962,0.004853900113636734,0.0027464289840489656,8.393265000224728e-05,0.0016344144123684149,-0.003033641376786225
2023-02,754.3120063354608,0.9343228896479653,3.3496127553792967e-05,0.004722177926011474,-0.004425279317100778,0.004784053568711581,-0.0005380286463704801,0.007515460136622134
2023-03,323.745754281764,0.9644815770200167,-0.0015005177017103945,0.015515131593335108,-0.0018219226889347603,0.010949875852003053,0.004988391408391546,0.014227568076678148
2023-04,244.205309454865,1.1133539192112356,-0.014864610899174733,-0.00014166916800795022,-8.133113261595339e-05,0.0014671540760759923,-0.001004015312437243,-0.0160041813187325
2023-05,568.9866029018293,1.0373063729765493,0.004788496313951409,0.008025999619056612,0.001258201606333337,0.007078683913441573,-0.0026073535677242137,0.002700902823504596
2023-06,1000.0,1.071995827214771,-0.0019356219010639504,0.005600025067045123,-0.0010558626645296968,0.001484579344135109,0.005113130171229578,-0.004812757560966891
2023-07,568.9866029018293,1.057459959866102,0.005375601283534086,0.011093048045299005,-0.0006298599001471586,0.004196159222513497,0.0013798118654126921,-0.0009821859282047752
2023-08,568.9866029018293,1.068626418130023,-8.401160790225725e-05,0.0025830220264659964,0.009207018270496085,0.0029802673621965453,-0.0014500783589249102,-0.012308996524730978
2023-09,568.9866029018293,1.0315146569769753,0.0011675797959653411,-0.00047854154203978927,0.01150914549254506,-0.003511567672438605,-0.004678553774134402,-0.00040266451142708434
2023-10,184.20699693267164,1.010359190228865,-0.0017400636813845191,0.01538615639852455,0.01038476019877976,0.006162783421956917,-0.0014114777015200122,-0.009576733768984312
2023-11,1000.0,1.0767374717408909,-0.0011608696721787742,0.007163430241749321,0.001078136797460445,-0.0030165014875535552,-0.0017948181825534234,0.0034535417652990386
2023-12,568.9866029018293,1.0647158056223354,-0.004764246908505227,-0.0026143575455309324,0.004948008619368364,-0.0028254367197935136,-0.0073319637165106906,0.006638382820195765
2024-01,244.205309454865,1.1002233481417987,0.0017509664303158132,0.01179742515456055,0.02344589084234088,-0.005347491065718195,-0.009044724283032546,-0.013510444926485746
2024-02,429.1934260128778,0.9921549477342068,-0.003540077060445925,0.010265981183367643,0.0018364156817762835,0.006003142798406492,0.008134593923956301,0.006668218550417486
2024-03,104.81131341546852,0.9179157500404589,-0.010218343244393068,0.01138169536264902,-0.004340313477536085,0.007960794812790434,-0.005371560918952142,0.025307881515701614
2024-04,244.205309454865,1.1295453368011963,-0.008464618272581558,0.012440405851677265,0.0063014826682872655,0.0005360052013746058,-0.00423237025656982,-0.01900026662728501
2024-05,429.1934260128778,0.9685808848168674,0.007853945372867044,0.005930812754627809,-0.0041679054105736345,0.0009860886887888183,-0.0028163369293222177,0.015429051497736867
2024-06,429.1934260128778,1.092048882648514,-0.00048319857475301797,0.008098893742057576,0.001757089872817802,0.0011940276216962564,-0.009372713192135593,-0.004582367726329328
2024-07,429.1934260128778,1.0789332103695128,-0.007123112045342864,0.010663892074584139,0.008992751743084379,0.0021492412952504,-0.007127095726766438,-0.004901697116509642
2024-08,754.3120063354608,1.0322107283366981,-0.006045391566875852,0.0018111638111145158,0.005170066205991723,0.004523164965629292,-0.004029841561417169,-0.008305858467089667
2024-09,1000.0,1.0182875250170857,-0.0011749882831261131,0.0025647803879902302,0.0007363725455028638,-0.0030786306905207818,0.0005585375135943,0.0018338568150253313
2024-10,568.9866029018293,0.9695144312976478,0.004249926698215525,0.00819821582031732,-0.00012291817599900554,0.00037933195287090946,-0.0032297045470808337,-0.01102654396545194
2024-11,1000.0,1.0068751066479265,-0.002464769179054941,0.004046865923608438,0.0022156484504630507,-0.0001689902592218019,-0.0027531899124914154,-0.002841167549508334
2024-12,568.9866029018293,1.0189195550878751,0.0030199190506866504,0.007064357978435646,0.005364876291366808,0.002404734308789243,-0.0018687178698689512,-0.00750190237873493
